"index","language","n","cost"
"2","java",6,102.333333333333
"3","java",11,55.8181818181818
"4","java",16,38.375
"5","java",21,29.2380952380952
"6","java",26,35.4230769230769
"7","java",31,19.8064516129032
"8","java",36,17.0555555555556
"9","java",41,14.9756097560976
"10","java",46,20.0217391304348
"11","java",51,18.0588235294118
"12","java",56,16.4464285714286
"13","java",61,15.0983606557377
"14","java",66,13.9545454545455
"15","java",71,12.9718309859155
"16","java",76,12.1184210526316
"17","java",81,11.3703703703704
"18","java",86,7.13953488372093
"19","java",91,10.1208791208791
"20","java",96,9.59375
"21","java",101,9.11881188118812
"22","java",106,8.68867924528302
"23","java",111,8.2972972972973
"24","java",116,7.93965517241379
"25","java",121,7.61157024793388
"26","java",126,7.30952380952381
"27","java",131,7.03053435114504
"28","java",136,6.77205882352941
"29","java",141,6.53191489361702
"30","java",146,6.30821917808219
"31","java",151,6.09933774834437
"32","java",156,5.90384615384615
"33","java",161,5.72049689440994
"34","java",166,5.54819277108434
"35","java",171,5.3859649122807
"36","java",176,5.23295454545455
"37","java",181,5.08839779005525
"38","java",186,4.95161290322581
"39","java",191,4.82198952879581
"40","java",196,4.69897959183673
"41","java",201,4.58208955223881
"42","java",206,4.47087378640777
"43","java",211,4.36492890995261
"44","java",216,4.26388888888889
"45","java",221,4.16742081447964
"46","java",226,4.07522123893805
"47","java",231,3.98701298701299
"48","java",236,3.90254237288136
"49","java",241,3.82157676348548
"50","java",246,3.74390243902439
"51","java",251,3.66932270916335
"52","java",256,3.59765625
"53","java",261,3.52873563218391
"54","java",266,3.46240601503759
"55","java",271,3.39852398523985
"56","java",276,3.33695652173913
"57","java",281,3.27758007117438
"58","java",286,3.22027972027972
"59","java",291,3.16494845360825
"60","java",296,3.11148648648649
"61","java",301,3.05980066445183
"62","java",306,3.00980392156863
"63","java",311,2.96141479099678
"64","java",316,2.91455696202532
"65","java",321,2.86915887850467
"66","java",326,2.82515337423313
"67","java",331,2.78247734138973
"68","java",336,2.74404761904762
"69","java",341,3.60410557184751
"70","java",346,3.55202312138728
"71","java",351,3.5014245014245
"72","java",356,3.45224719101124
"73","java",361,3.40443213296399
"74","java",366,3.35792349726776
"75","java",371,3.31266846361186
"76","java",376,3.2686170212766
"77","java",381,3.2257217847769
"78","java",386,3.1839378238342
"79","java",391,3.14322250639386
"80","java",396,3.10353535353535
"81","java",401,3.06483790523691
"82","java",406,3.02709359605911
"83","java",411,2.99026763990268
"84","java",416,2.95432692307692
"85","java",421,2.91923990498812
"86","java",426,2.8849765258216
"87","java",431,2.85150812064965
"88","java",436,2.81880733944954
"89","java",441,2.78684807256236
"90","java",446,2.75560538116592
"91","java",451,2.72505543237251
"92","java",456,2.69517543859649
"93","java",461,2.66594360086768
"94","java",466,2.63733905579399
"95","java",471,2.60934182590234
"96","java",476,2.58193277310924
"97","java",481,2.55509355509355
"98","java",486,2.52880658436214
"99","java",491,2.5030549898167
"100","java",496,2.47782258064516
"101","java",501,2.45309381237525
"102","java",506,2.42885375494071
"103","java",511,2.40508806262231
"104","java",516,2.38178294573643
"105","java",521,2.35892514395393
"106","java",526,2.33650190114068
"107","java",531,2.31450094161959
"108","java",536,2.29291044776119
"109","java",541,2.27171903881701
"110","java",546,2.25091575091575
"111","java",551,2.23049001814882
"112","java",556,2.21043165467626
"113","java",561,2.19073083778966
"114","java",566,2.17137809187279
"115","java",571,2.1523642732049
"116","java",576,2.13368055555556
"117","java",581,2.11531841652324
"118","java",586,2.09726962457338
"119","java",591,2.07952622673435
"120","java",596,2.06208053691275
"121","java",601,2.04492512479201
"122","java",606,2.02805280528053
"123","java",611,2.01145662847791
"124","java",616,1.99512987012987
"125","java",621,1.97906602254428
"126","java",626,1.96325878594249
"127","java",631,1.94770206022187
"128","java",636,1.93238993710692
"129","java",641,1.91731669266771
"130","java",646,1.90247678018576
"131","java",651,1.88786482334869
"132","java",656,1.8734756097561
"133","java",661,1.85930408472012
"134","java",666,1.84534534534535
"135","java",671,1.83159463487332
"136","java",676,1.81804733727811
"137","java",681,1.80469897209985
"138","java",686,1.79154518950437
"139","java",691,1.77858176555716
"140","java",696,1.76580459770115
"141","java",701,1.75320970042796
"142","java",706,1.74079320113314
"143","java",711,1.72855133614627
"144","java",716,1.71648044692737
"145","java",721,1.70457697642164
"146","java",726,1.69283746556474
"147","java",731,1.6812585499316
"148","java",736,1.66983695652174
"149","java",741,1.65856950067476
"150","java",746,1.64745308310992
"151","java",751,1.63648468708389
"152","java",756,1.62566137566138
"153","java",761,1.6149802890933
"154","java",766,1.60443864229765
"155","java",771,1.59403372243839
"156","java",776,1.58376288659794
"157","java",781,1.57362355953905
"158","java",786,1.56361323155216
"159","java",791,1.55372945638432
"160","java",796,1.54396984924623
"161","java",801,1.53433208489388
"162","java",806,1.52481389578164
"163","java",811,1.5154130702836
"164","java",816,1.50612745098039
"165","java",821,1.49695493300853
"166","java",826,1.48789346246973
"167","java",831,1.47894103489771
"168","java",836,1.4700956937799
"169","java",841,1.82639714625446
"170","java",846,1.81560283687943
"171","java",851,1.80493537015276
"172","java",856,1.79439252336449
"173","java",861,1.78397212543554
"174","java",866,1.77367205542725
"175","java",871,1.76349024110218
"176","java",876,1.75342465753425
"177","java",881,1.74347332576617
"178","java",886,1.73363431151242
"179","java",891,1.72390572390572
"180","java",896,1.71428571428571
"181","java",901,1.70477247502775
"182","java",906,1.6953642384106
"183","java",911,1.6860592755214
"184","java",916,1.67685589519651
"185","java",921,1.66775244299674
"186","java",926,1.65874730021598
"187","java",931,1.64983888292159
"188","java",936,1.64102564102564
"189","java",941,1.63230605738576
"190","java",946,1.62367864693446
"191","java",951,1.61514195583596
"192","java",956,1.60669456066946
"193","java",961,1.59833506763788
"194","java",966,1.59006211180124
"195","java",971,1.58187435633368
"196","java",976,1.57377049180328
"197","java",981,1.56574923547401
"198","java",986,1.5578093306288
"199","java",991,1.54994954591322
"200","java",996,1.5421686746988
"201","java",1001,1.53446553446553
"202","java",1006,1.52683896620278
"203","java",1011,1.51928783382789
"204","java",1016,1.51181102362205
"205","java",1021,1.50440744368266
"206","java",1026,1.49707602339181
"207","java",1031,1.4898157129001
"208","java",1036,1.48262548262548
"209","java",1041,1.47550432276657
"210","java",1046,1.46845124282983
"211","java",1051,1.46146527117031
"212","java",1056,1.45454545454545
"213","java",1061,1.44769085768143
"214","java",1066,1.44090056285178
"215","java",1071,1.43417366946779
"216","java",1076,1.4275092936803
"217","java",1081,1.4209065679926
"218","java",1086,1.41436464088398
"219","java",1091,1.40788267644363
"220","java",1096,1.4014598540146
"221","java",1101,1.39509536784741
"222","java",1106,1.38878842676311
"223","java",1111,1.38253825382538
"224","java",1116,1.37634408602151
"225","java",1121,1.37020517395183
"226","java",1126,1.36412078152753
"227","java",1131,1.62953138815208
"228","java",1136,1.35211267605634
"229","java",1141,1.34618755477651
"230","java",1146,1.34031413612565
"231","java",1151,1.33449174630756
"232","java",1156,1.32871972318339
"233","java",1161,1.32299741602067
"234","java",1166,1.31732418524871
"235","java",1171,1.31169940222032
"236","java",1176,1.30612244897959
"237","java",1181,1.30059271803556
"238","java",1186,1.29510961214165
"239","java",1191,1.2896725440806
"240","java",1196,1.28428093645485
"241","java",1201,1.2789342214821
"242","java",1206,1.27363184079602
"243","java",1211,1.26837324525186
"244","java",1216,1.26315789473684
"245","java",1221,1.25798525798526
"246","java",1226,1.25285481239804
"247","java",1231,1.24776604386678
"248","java",1236,1.24271844660194
"249","java",1241,1.23771152296535
"250","java",1246,1.23274478330658
"251","java",1251,1.22781774580336
"252","java",1256,1.22292993630573
"253","java",1261,1.21808088818398
"254","java",1266,1.45576619273302
"255","java",1271,1.20849724626279
"256","java",1276,1.20376175548589
"257","java",1281,1.19906323185012
"258","java",1286,1.19440124416796
"259","java",1291,1.18977536793184
"260","java",1296,1.18518518518519
"261","java",1301,1.18063028439662
"262","java",1306,1.17611026033691
"263","java",1311,1.17162471395881
"264","java",1316,1.16717325227964
"265","java",1321,1.16275548826646
"266","java",1326,1.15837104072398
"267","java",1331,1.15401953418482
"268","java",1336,1.1497005988024
"269","java",1341,1.37434750186428
"270","java",1346,1.36924219910847
"271","java",1351,1.36417468541821
"272","java",1356,1.35914454277286
"273","java",1361,1.35415135929464
"274","java",1366,1.34919472913616
"275","java",1371,1.34427425237053
"276","java",1376,1.33938953488372
"277","java",1381,1.33454018826937
"278","java",1386,1.32972582972583
"279","java",1391,1.32494608195543
"280","java",1396,1.3202005730659
"281","java",1401,1.31548893647395
"282","java",1406,1.31081081081081
"283","java",1411,1.30616583982991
"284","java",1416,1.30155367231638
"285","java",1421,1.29697396199859
"286","java",1426,1.29242636746143
"287","java",1431,1.2879105520615
"288","java",1436,1.28342618384401
"289","java",1441,1.27897293546149
"290","java",1446,1.27455048409405
"291","java",1451,1.27015851137147
"292","java",1456,1.2657967032967
"293","java",1461,1.26146475017112
"294","java",1466,1.25716234652115
"295","java",1471,1.25288919102651
"296","java",1476,1.24864498644986
"297","java",1481,1.24442943956786
"298","java",1486,1.24024226110363
"299","java",1491,1.23608316566063
"300","java",1496,1.23195187165775
"301","java",1501,1.22784810126582
"302","java",1506,1.42762284196547
"303","java",1511,1.21972203838518
"304","java",1516,1.41820580474934
"305","java",1521,1.21170282708744
"306","java",1526,1.20773263433814
"307","java",1531,1.40431090790333
"308","java",1536,1.19986979166667
"309","java",1541,1.1959766385464
"310","java",1546,1.19210866752911
"311","java",1551,1.18826563507415
"312","java",1556,1.18444730077121
"313","java",1561,1.1806534272902
"314","java",1566,1.17688378033206
"315","java",1571,1.17313812858052
"316","java",1576,1.36421319796954
"317","java",1581,1.16571790006325
"318","java",1586,1.16204287515763
"319","java",1591,1.15839094908862
"320","java",1596,1.1547619047619
"321","java",1601,1.15115552779513
"322","java",1606,1.3387297633873
"323","java",1611,1.14400993171943
"324","java",1616,1.1404702970297
"325","java",1621,1.13695249845774
"326","java",1626,1.13345633456335
"327","java",1631,1.12998160637646
"328","java",1636,1.12652811735941
"329","java",1641,1.1230956733699
"330","java",1646,1.11968408262454
"331","java",1651,1.11629315566323
"332","java",1656,1.11292270531401
"333","java",1661,1.10957254665864
"334","java",1666,1.1062424969988
"335","java",1671,1.28665469778576
"336","java",1676,1.09964200477327
"337","java",1681,1.09637120761452
"338","java",1686,1.09311981020166
"339","java",1691,1.27143701951508
"340","java",1696,1.08667452830189
"341","java",1701,1.08348030570253
"342","java",1706,1.08030480656506
"343","java",1711,1.07714786674459
"344","java",1716,1.07400932400932
"345","java",1721,1.07088901801278
"346","java",1726,1.06778679026651
"347","java",1731,1.06470248411323
"348","java",1736,1.06163594470046
"349","java",1741,1.05858701895462
"350","java",1746,1.05555555555556
"351","java",1751,1.22786978869218
"352","java",1756,1.0495444191344
"353","java",1761,1.22089721749006
"354","java",1766,1.0436013590034
"355","java",1771,1.04065499717674
"356","java",1776,1.03772522522523
"357","java",1781,1.20718697361033
"358","java",1786,1.03191489361702
"359","java",1791,1.02903405918481
"360","java",1796,1.02616926503341
"361","java",1801,1.02332037756802
"362","java",1806,1.02048726467331
"363","java",1811,1.18718939812258
"364","java",1816,1.01486784140969
"365","java",1821,1.01208127402526
"366","java",1826,1.17743702081051
"367","java",1831,1.00655379574003
"368","java",1836,1.00381263616558
"369","java",1841,1.00108636610538
"370","java",1846,0.998374864572048
"371","java",1851,1.32739059967585
"372","java",1856,1.15840517241379
"373","java",1861,1.32079527135948
"374","java",1866,1.15273311897106
"375","java",1871,1.31373597006948
"376","java",1876,1.31023454157783
"377","java",1881,1.14354066985646
"378","java",1886,1.30328738069989
"379","java",1891,1.29984135378107
"380","java",1896,1.13449367088608
"381","java",1901,1.29300368227249
"382","java",1906,1.12854144805876
"383","java",1911,1.12558869701727
"384","java",1916,1.28288100208768
"385","java",1921,1.27954190525768
"386","java",1926,1.11682242990654
"387","java",1931,1.27291558777835
"388","java",1936,1.11105371900826
"389","java",1941,1.26635754765585
"390","java",1946,1.26310380267215
"391","java",1951,1.10251153254741
"392","java",1956,1.25664621676892
"393","java",1961,1.09688934217236
"394","java",1966,1.0940996948118
"395","java",1971,1.24708269913749
"396","java",1976,1.24392712550607
"397","java",1981,1.24078748107017
"398","java",1986,1.08308157099698
"399","java",1991,1.08036162732295
"400","java",1996,1.07765531062124
"401","java",2001,1.22838580709645
"402","java",2006,1.07228315054835
"403","java",2011,1.06961710591745
"404","java",2016,1.06696428571429
"405","java",2021,1.06432459178624
"406","java",2026,1.06169792694965
"407","java",2031,1.21024126046283
"408","java",2036,1.05648330058939
"409","java",2041,1.05389514943655
"410","java",2046,1.20136852394917
"411","java",2051,1.04875670404681
"412","java",2056,1.19552529182879
"413","java",2061,1.04366812227074
"414","java",2066,1.04114230396902
"415","java",2071,1.18686624818928
"416","java",2076,1.03612716763006
"417","java",2081,1.18116290245074
"418","java",2086,1.03116011505273
"419","java",2091,1.17551410808226
"420","java",2096,1.02624045801527
"421","java",2101,1.16991908614945
"422","java",2106,1.16714150047483
"423","java",2111,1.1643770724775
"424","java",2116,1.16162570888469
"425","java",2121,1.01414427157001
"426","java",2126,1.15616180620884
"427","java",2131,1.15344908493665
"428","java",2136,1.00702247191011
"429","java",2141,1.14806165343298
"430","java",2146,1.14538676607642
"431","java",2151,1
"432","java",2156,1.14007421150278
"433","java",2161,1.13743637204998
"434","java",2166,1.134810710988
"435","java",2171,0.990787655458314
"436","java",2176,1.12959558823529
"437","java",2181,0.986244841815681
"438","java",2186,1.12442817932296
"439","java",2191,1.12186216339571
"440","java",2196,1.11930783242259
"441","java",2201,1.11676510676965
"442","java",2206,0.975067996373527
"443","java",2211,1.11171415649028
"444","java",2216,0.970667870036101
"445","java",2221,0.968482665466006
"446","java",2226,1.10422282120395
"447","java",2231,1.10174809502465
"448","java",2236,0.961985688729875
"449","java",2241,0.959839357429719
"450","java",2246,1.09439002671416
"451","java",2251,0.955575299866726
"452","java",2256,1.0895390070922
"453","java",2261,1.08712958867758
"454","java",2266,1.08473080317741
"455","java",2271,1.08234258036107
"456","java",2276,0.945079086115993
"457","java",2281,0.943007452871548
"458","java",2286,0.940944881889764
"459","java",2291,1.07289393278045
"460","java",2296,1.0705574912892
"461","java",2301,1.06823120382442
"462","java",2306,1.06591500433651
"463","java",2311,1.06360882734747
"464","java",2316,1.06131260794473
"465","java",2321,1.0590262817751
"466","java",2326,1.05674978503869
"467","java",2331,1.05448305448305
"468","java",2336,1.05222602739726
"469","java",2341,1.18111917983768
"470","java",2346,1.17860187553282
"471","java",2351,1.17609527860485
"472","java",2356,1.17359932088285
"473","java",2361,1.1711139347734
"474","java",2366,1.16863905325444
"475","java",2371,1.03669337832138
"476","java",2376,1.16372053872054
"477","java",2381,1.16127677446451
"478","java",2386,1.15884325230511
"479","java",2391,1.15641990798829
"480","java",2396,1.02587646076795
"481","java",2401,1.02374010828821
"482","java",2406,1.14921030756442
"483","java",2411,1.01949398589797
"484","java",2416,1.01738410596026
"485","java",2421,1.14209004543577
"486","java",2426,1.01319043693322
"487","java",2431,1.13739201974496
"488","java",2436,1.13505747126437
"489","java",2441,1.13273248668578
"490","java",2446,1.13041700735895
"491","java",2451,1.00285597715218
"492","java",2456,1.12581433224756
"493","java",2461,1.12352702153596
"494","java",2466,1.12124898621249
"495","java",2471,1.11898016997167
"496","java",2476,0.992730210016155
"497","java",2481,1.11446997178557
"498","java",2486,1.11222847948512
"499","java",2491,1.10999598554797
"500","java",2496,0.984775641025641
"501","java",2501,1.10555777688924
"502","java",2506,1.10335195530726
"503","java",2511,1.10115491835922
"504","java",2516,1.0989666136725
"505","java",2521,1.09678698928996
"506","java",2526,1.09461599366587
"507","java",2531,1.09245357566179
"508","java",2536,1.09029968454259
"509","java",2541,1.08815426997245
"510","java",2546,1.086017282011
"511","java",2551,1.08388867110937
"512","java",2556,1.08176838810642
"513","java",2561,1.07965638422491
"514","java",2566,1.07755261106781
"515","java",2571,1.07545702061455
"516","java",2576,1.07336956521739
"517","java",2581,0.952344052692755
"518","java",2586,0.950502706883217
"519","java",2591,1.06715553840216
"520","java",2596,0.946841294298921
"521","java",2601,1.06305267204921
"522","java",2606,1.06101304681504
"523","java",2611,1.05898123324397
"524","java",2616,1.05695718654434
"525","java",2621,1.05494086226631
"526","java",2626,1.05293221629855
"527","java",2631,1.05093120486507
"528","java",2636,1.048937784522
"529","java",2641,1.04695191215449
"530","java",2646,1.04497354497354
"531","java",2651,1.04300264051301
"532","java",2656,0.925451807228916
"533","java",2661,0.923712889891018
"534","java",2666,1.03713428357089
"535","java",2671,1.03519281168102
"536","java",2676,1.03325859491779
"537","java",2681,1.03133159268929
"538","java",2686,1.02941176470588
"539","java",2691,1.02749907097733
"540","java",2696,1.02559347181009
"541","java",2701,1.02369492780452
"542","java",2706,1.02180339985218
"543","java",2711,1.01991884913316
"544","java",2716,1.01840942562592
"545","java",2721,1.01617052554208
"546","java",2726,1.01430667644901
"547","java",2731,1.01244965214207
"548","java",2736,1.01059941520468
"549","java",2741,1.00875592849325
"550","java",2746,1.00691915513474
"551","java",2751,1.00508905852417
"552","java",2756,1.00326560232221
"553","java",2761,1.00144875045273
"554","java",2766,0.999638467100506
"555","java",2771,0.997834716708769
"556","java",2776,0.996037463976945
"557","java",2781,0.883854728514923
"558","java",2786,0.992462311557789
"559","java",2791,0.88068792547474
"560","java",2796,0.879113018597997
"561","java",2801,0.987147447340236
"562","java",2806,0.875980042765502
"563","java",2811,0.983635716826752
"564","java",2816,0.981889204545455
"565","java",2821,0.98014888337469
"566","java",2826,0.978414720452937
"567","java",2831,0.97668668315083
"568","java",2836,0.866713681241185
"569","java",2841,0.973248856036607
"570","java",2846,1.07976106816585
"571","java",2851,1.07786741494213
"572","java",2856,1.07598039215686
"573","java",2861,1.07409996504719
"574","java",2866,1.07222609909281
"575","java",2871,1.07035876001393
"576","java",2876,1.06849791376912
"577","java",2881,1.06664352655328
"578","java",2886,1.06479556479556
"579","java",2891,1.06295399515738
"580","java",2896,0.955110497237569
"581","java",2901,1.05928990003447
"582","java",2906,1.05746730901583
"583","java",2911,1.055650979045
"584","java",2916,1.05384087791495
"585","java",2921,0.946935980828483
"586","java",2926,1.05023923444976
"587","java",2931,1.04844762879563
"588","java",2936,1.0466621253406
"589","java",2941,1.04488269296158
"590","java",2946,1.04310930074678
"591","java",2951,1.0413419179939
"592","java",2956,0.935723951285521
"593","java",2961,0.934143870314083
"594","java",2966,1.03607552258935
"595","java",2971,1.03433187478963
"596","java",2976,1.03259408602151
"597","java",2981,1.03086212680309
"598","java",2986,1.02913596784997
"599","java",2991,1.02741558007355
"600","java",2996,0.923230974632844
"601","java",3001,1.02399200266578
"602","java",3006,0.920159680638723
"603","java",3011,1.02059116572567
"604","java",3016,0.91710875331565
"605","java",3021,1.01721284342933
"606","java",3026,0.914077990746861
"607","java",3031,1.01385681293303
"608","java",3036,0.911067193675889
"609","java",3041,1.01052285432424
"610","java",3046,1.00886408404465
"611","java",3051,1.00721075057358
"612","java",3056,0.905104712041885
"613","java",3061,1.00392028748775
"614","java",3066,1.00228310502283
"615","java",3071,1.0006512536633
"616","java",3076,0.999024707412224
"617","java",3081,0.997403440441415
"618","java",3086,0.995787427090084
"619","java",3091,0.994176641863475
"620","java",3096,0.992571059431525
"621","java",3101,0.99097065462754
"622","java",3106,0.890534449452672
"623","java",3111,0.987785278045645
"624","java",3116,0.887676508344031
"625","java",3121,0.984620314001923
"626","java",3126,0.983045425463852
"627","java",3131,0.883423826253593
"628","java",3136,0.979910714285714
"629","java",3141,0.978350843680357
"630","java",3146,0.976795931341386
"631","java",3151,0.975245953665503
"632","java",3156,0.876425855513308
"633","java",3161,0.972160708636507
"634","java",3166,0.970625394819962
"635","java",3171,0.969094922737307
"636","java",3176,0.967569269521411
"637","java",3181,0.966048412448915
"638","java",3186,0.964532328939109
"639","java",3191,0.963020996552805
"640","java",3196,0.961514392991239
"641","java",3201,0.96001249609497
"642","java",3206,0.958515283842795
"643","java",3211,0.95702273435067
"644","java",3216,0.955534825870647
"645","java",3221,0.954051536789817
"646","java",3226,0.952572845629262
"647","java",3231,0.951098731043021
"648","java",3236,0.949629171817058
"649","java",3241,0.948164146868251
"650","java",3246,0.946703635243376
"651","java",3251,0.945247616118117
"652","java",3256,0.849508599508599
"653","java",3261,0.942348972707758
"654","java",3266,0.940906307409675
"655","java",3271,0.939468052583308
"656","java",3276,0.938034188034188
"657","java",3281,0.936604693690948
"658","java",3286,0.935179549604382
"659","java",3291,0.933758735946521
"660","java",3296,0.932342233009709
"661","java",3301,0.930930021205695
"662","java",3306,0.836660617059891
"663","java",3311,0.928118393234672
"664","java",3316,0.926718938480096
"665","java",3321,0.925323697681421
"666","java",3326,0.923932651834035
"667","java",3331,0.922545782047433
"668","java",3336,0.921163069544365
"669","java",3341,0.919784495659982
"670","java",3346,0.918410041841004
"671","java",3351,0.917039689644882
"672","java",3356,1.00744934445769
"673","java",3361,1.00595060993752
"674","java",3366,1.00445632798574
"675","java",3371,1.00296647878968
"676","java",3376,1.00148104265403
"677","java",3381,1
"678","java",3386,0.998523331364442
"679","java",3391,0.997051017398997
"680","java",3396,0.995583038869258
"681","java",3401,0.994119376653925
"682","java",3406,0.992660011743981
"683","java",3411,0.991204925241865
"684","java",3416,0.989754098360656
"685","java",3421,0.988307512423268
"686","java",3426,0.986865148861646
"687","java",3431,0.985426989215972
"688","java",3436,0.983993015133877
"689","java",3441,0.98256320836966
"690","java",3446,0.981137550783517
"691","java",3451,0.979716024340771
"692","java",3456,0.978298611111111
"693","java",3461,0.976885293267842
"694","java",3466,0.975476053087132
"695","java",3471,0.974070872947277
"696","java",3476,0.972669735327963
"697","java",3481,0.971272622809538
"698","java",3486,0.969879518072289
"699","java",3491,0.968490403895732
"700","java",3496,0.967105263157895
"701","java",3501,0.965724078834619
"702","java",3506,0.964346833998859
"703","java",3511,0.962973511819994
"704","java",3516,0.96160409556314
"705","java",3521,0.960238568588469
"706","java",3526,0.958876914350539
"707","java",3531,0.957519116397621
"708","java",3536,0.956165158371041
"709","java",3541,0.954815024004518
"710","java",3546,0.953468697123519
"711","java",3551,0.952126161644607
"712","java",3556,0.950787401574803
"713","java",3561,0.949452401010952
"714","java",3566,0.948121144139091
"715","java",3571,0.946793615233828
"716","java",3576,0.945469798657718
"717","java",3581,0.944149678860653
"718","java",3586,0.942833240379253
"719","java",3591,0.941520467836257
"720","java",3596,0.940211345939933
"721","java",3601,0.938905859483477
"722","java",3606,0.937603993344426
"723","java",3611,0.936305732484076
"724","java",3616,0.935011061946903
"725","java",3621,0.933719966859983
"726","java",3626,0.932432432432432
"727","java",3631,0.931148443954833
"728","java",3636,0.92986798679868
"729","java",3641,0.92859104641582
"730","java",3646,0.927317608337905
"731","java",3651,0.926047658175842
"732","java",3656,0.924781181619256
"733","java",3661,0.923518164435946
"734","java",3666,0.922258592471358
"735","java",3671,0.921002451648052
"736","java",3676,0.91974972796518
"737","java",3681,0.918500407497962
"738","java",3686,0.917254476397178
"739","java",3691,0.916011920888648
"740","java",3696,0.914772727272727
"741","java",3701,0.913536881923804
"742","java",3706,0.9123043712898
"743","java",3711,0.911075181891673
"744","java",3716,0.909849300322928
"745","java",3721,0.908626713249127
"746","java",3726,0.907407407407407
"747","java",3731,0.906191369606004
"748","java",3736,0.904978586723769
"749","java",3741,0.903769045709703
"750","java",3746,0.902562733582488
"751","java",3751,0.901359637430019
"752","java",3756,0.900159744408946
"753","java",3761,0.898963041744217
"754","java",3766,0.897769516728624
"755","java",3771,0.896579156722355
"756","java",3776,0.895391949152542
"757","java",3781,0.894207881512827
"758","java",3786,0.811938721605917
"759","java",3791,0.891849116328146
"760","java",3796,0.890674394099052
"761","java",3801,0.889502762430939
"762","java",3806,0.888334209143458
"763","java",3811,0.887168722120178
"764","java",3816,0.886006289308176
"765","java",3821,0.884846898717613
"766","java",3826,0.883690538421328
"767","java",3831,0.882537196554424
"768","java",3836,0.881386861313869
"769","java",3841,0.800312418640979
"770","java",3846,0.879095163806552
"771","java",3851,0.877953778239418
"772","java",3856,0.876815352697095
"773","java",3861,0.875679875679876
"774","java",3866,0.953957578892913
"775","java",3871,0.95272539395505
"776","java",3876,0.951754385964912
"777","java",3881,0.950528214377738
"778","java",3886,0.949305198147195
"779","java",3891,0.948085325109226
"780","java",3896,0.946868583162218
"781","java",3901,0.866957190463984
"782","java",3906,0.944444444444444
"783","java",3911,0.943237023779085
"784","java",3916,0.942032686414709
"785","java",3921,0.940831420555981
"786","java",3926,0.861436576668365
"787","java",3931,0.93843805647418
"788","java",3936,0.93724593495935
"789","java",3941,0.936056838365897
"790","java",3946,0.934870755195134
"791","java",3951,0.933687674006581
"792","java",3956,0.932507583417594
"793","java",3961,0.931330472103004
"794","java",3966,0.930156328794755
"795","java",3971,0.928985142281541
"796","java",3976,0.927816901408451
"797","java",3981,0.926651595076614
"798","java",3986,0.92548921224285
"799","java",3991,0.924329741919318
"800","java",3996,0.923173173173173
"801","java",4001,0.922019495126218
"802","java",4006,0.920868696954568
"803","java",4011,0.919720767888307
"804","java",4016,0.918575697211155
"805","java",4021,0.917433474260134
"806","java",4026,0.916294088425236
"807","java",4031,0.915157529149095
"808","java",4036,0.91402378592666
"809","java",4041,0.912892848304875
"810","java",4046,0.911764705882353
"811","java",4051,0.910639348309059
"812","java",4056,0.909516765285996
"813","java",4061,0.908396946564885
"814","java",4066,0.90727988194786
"815","java",4071,0.906165561287153
"816","java",4076,0.905053974484789
"817","java",4081,0.903945111492281
"818","java",4086,0.902838962310328
"819","java",4091,0.901735516988511
"820","java",4096,0.900634765625
"821","java",4101,0.899536698366252
"822","java",4106,0.898441305406722
"823","java",4111,0.897348576988567
"824","java",4116,0.896258503401361
"825","java",4121,0.8951710749818
"826","java",4126,0.819680077556956
"827","java",4131,0.893004115226337
"828","java",4136,0.891924564796905
"829","java",4141,0.890847621347501
"830","java",4146,0.889773275446213
"831","java",4151,0.814743435316791
"832","java",4156,0.887632338787296
"833","java",4161,0.886565729391973
"834","java",4166,0.885501680268843
"835","java",4171,0.884440182210501
"836","java",4176,0.88338122605364
"837","java",4181,0.882324802678785
"838","java",4186,0.881270903010033
"839","java",4191,0.880219518014794
"840","java",4196,0.879170638703527
"841","java",4201,0.878124256129493
"842","java",4206,0.877080361388493
"843","java",4211,0.876038945618618
"844","java",4216,0.875
"845","java",4221,0.873963515754561
"846","java",4226,0.872929484145764
"847","java",4231,0.871897896478374
"848","java",4236,0.870868744098206
"849","java",4241,0.869842018391889
"850","java",4246,0.868817710786623
"851","java",4251,0.867795812749941
"852","java",4256,0.866776315789474
"853","java",4261,0.865759211452711
"854","java",4266,0.86474449132677
"855","java",4271,0.863732147038164
"856","java",4276,0.862722170252572
"857","java",4281,0.861714552674609
"858","java",4286,0.860709286047597
"859","java",4291,0.859706362153344
"860","java",4296,0.858705772811918
"861","java",4301,0.857707509881423
"862","java",4306,0.85671156525778
"863","java",4311,0.855717930874507
"864","java",4316,0.854726598702502
"865","java",4321,0.853737560749826
"866","java",4326,0.92371705963939
"867","java",4331,0.92265065804664
"868","java",4336,0.921586715867159
"869","java",4341,0.920525224602626
"870","java",4346,0.919466175793833
"871","java",4351,0.918409561020455
"872","java",4356,0.917355371900826
"873","java",4361,0.916303600091722
"874","java",4366,0.915254237288136
"875","java",4371,0.914207275223061
"876","java",4376,0.913162705667276
"877","java",4381,0.912120520429126
"878","java",4386,0.84108527131783
"879","java",4391,0.910043270325666
"880","java",4396,0.909008189262966
"881","java",4401,0.907975460122699
"882","java",4406,0.906945074897867
"883","java",4411,0.905917025617774
"884","java",4416,0.904891304347826
"885","java",4421,0.903867903189324
"886","java",4426,0.902846814279259
"887","java",4431,0.901828029790115
"888","java",4436,0.900811541929666
"889","java",4441,0.899797342940779
"890","java",4446,0.898785425101215
"891","java",4451,0.897775780723433
"892","java",4456,0.896768402154399
"893","java",4461,0.895763281775387
"894","java",4466,0.894760412001791
"895","java",4471,0.893759785282934
"896","java",4476,0.892761394101877
"897","java",4481,0.891765230975229
"898","java",4486,0.890771288452965
"899","java",4491,0.889779559118236
"900","java",4496,0.888790035587189
"901","java",4501,0.887802710508776
"902","java",4506,0.886817576564581
"903","java",4511,0.885834626468632
"904","java",4516,0.816873339238264
"905","java",4521,0.883875248838752
"906","java",4526,0.882898806893504
"907","java",4531,0.881924519973516
"908","java",4536,0.880952380952381
"909","java",4541,0.87998238273508
"910","java",4546,0.879014518257809
"911","java",4551,0.878048780487805
"912","java",4556,0.877085162423178
"913","java",4561,0.876123657092743
"914","java",4566,0.875383267630311
"915","java",4571,0.87420695690221
"916","java",4576,0.873251748251748
"917","java",4581,0.87229862475442
"918","java",4586,0.871347579590057
"919","java",4591,0.870398605968199
"920","java",4596,0.869451697127937
"921","java",4601,0.868506846337753
"922","java",4606,0.867564046895354
"923","java",4611,0.866623292127521
"924","java",4616,0.865684575389948
"925","java",4621,0.864747890067085
"926","java",4626,0.863813229571984
"927","java",4631,0.862880587346146
"928","java",4636,0.795729076790336
"929","java",4641,0.861021331609567
"930","java",4646,0.860094705122686
"931","java",4651,0.859170070952483
"932","java",4656,0.858247422680412
"933","java",4661,0.857326753915469
"934","java",4666,0.856408058294042
"935","java",4671,0.855491329479769
"936","java",4676,0.854576561163388
"937","java",4681,0.853663747062594
"938","java",4686,0.852752880921895
"939","java",4691,0.851843956512471
"940","java",4696,0.850936967632027
"941","java",4701,0.850031908104659
"942","java",4706,0.849128771780705
"943","java",4711,0.848227552536616
"944","java",4716,0.847328244274809
"945","java",4721,0.846430840923533
"946","java",4726,0.845535336436733
"947","java",4731,0.844641724793913
"948","java",4736,0.84375
"949","java",4741,0.842860156085214
"950","java",4746,0.84197218710493
"951","java",4751,0.84108608713955
"952","java",4756,0.840201850294365
"953","java",4761,0.839319470699433
"954","java",4766,0.774024339068401
"955","java",4771,0.837560259903584
"956","java",4776,0.836683417085427
"957","java",4781,0.835808408282786
"958","java",4786,0.834935227747597
"959","java",4791,0.834063869755792
"960","java",4796,0.833194328607173
"961","java",4801,0.832326598625286
"962","java",4806,0.831460674157303
"963","java",4811,0.830596549573893
"964","java",4816,0.829734219269103
"965","java",4821,0.828873677660236
"966","java",4826,0.828014919187733
"967","java",4831,0.827157938315049
"968","java",4836,0.889991728701406
"969","java",4841,0.889072505680644
"970","java",4846,0.888155179529509
"971","java",4851,0.887239744382602
"972","java",4856,0.886326194398682
"973","java",4861,0.885414523760543
"974","java",4866,0.884504726674887
"975","java",4871,0.883596797372203
"976","java",4876,0.882690730106645
"977","java",4881,0.881786519155911
"978","java",4886,0.880884158821122
"979","java",4891,0.879983643426702
"980","java",4896,0.879084967320261
"981","java",4901,0.878188124872475
"982","java",4906,0.877293110476967
"983","java",4911,0.876399918550193
"984","java",4916,0.875508543531326
"985","java",4921,0.874618979882138
"986","java",4926,0.873731222086886
"987","java",4931,0.8728452646522
"988","java",4936,0.871961102106969
"989","java",4941,0.871078729002226
"990","java",4946,0.870198139911039
"991","java",4951,0.869319329428398
"992","java",4956,0.868442292171106
"993","java",4961,0.867567022777666
"994","java",4966,0.866693515908176
"995","java",4971,0.865821766244216
"996","java",4976,0.864951768488746
"997","java",4981,0.864083517365991
"998","java",4986,0.86321700762134
"999","java",4991,0.862352234021238
"1000","java",4996,0.861489191353082
"1002","go",6,13.1666666666667
"1003","go",11,7.45454545454545
"1004","go",16,5.3125
"1005","go",21,4.19047619047619
"1006","go",26,3.5
"1007","go",31,3.03225806451613
"1008","go",36,2.69444444444444
"1009","go",41,2.4390243902439
"1010","go",46,2.23913043478261
"1011","go",51,2.05882352941176
"1012","go",56,1.94642857142857
"1013","go",61,1.83606557377049
"1014","go",66,1.77272727272727
"1015","go",71,1.70422535211268
"1016","go",76,1.61842105263158
"1017","go",81,1.55555555555556
"1018","go",86,1.48837209302326
"1019","go",91,1.43956043956044
"1020","go",96,1.375
"1021","go",101,1.34653465346535
"1022","go",106,1.30188679245283
"1023","go",111,1.27027027027027
"1024","go",116,1.23275862068966
"1025","go",121,1.22314049586777
"1026","go",126,1.19047619047619
"1027","go",131,1.24427480916031
"1028","go",136,1.19852941176471
"1029","go",141,1.17730496453901
"1030","go",146,1.13698630136986
"1031","go",151,1.11920529801324
"1032","go",156,1.10897435897436
"1033","go",161,1.09316770186335
"1034","go",166,1.07228915662651
"1035","go",171,1.05847953216374
"1036","go",176,1.03977272727273
"1037","go",181,1.02762430939227
"1038","go",186,1.01075268817204
"1039","go",191,1
"1040","go",196,0.994897959183674
"1041","go",201,0.980099502487562
"1042","go",206,0.970873786407767
"1043","go",211,0.95260663507109
"1044","go",216,0.939814814814815
"1045","go",221,0.932126696832579
"1046","go",226,0.920353982300885
"1047","go",231,0.913419913419913
"1048","go",236,0.902542372881356
"1049","go",241,0.896265560165975
"1050","go",246,0.886178861788618
"1051","go",251,0.896414342629482
"1052","go",256,0.88671875
"1053","go",261,0.896551724137931
"1054","go",266,0.917293233082707
"1055","go",271,0.896678966789668
"1056","go",276,0.88768115942029
"1057","go",281,0.896797153024911
"1058","go",286,0.881118881118881
"1059","go",291,0.869415807560137
"1060","go",296,0.861486486486487
"1061","go",301,0.883720930232558
"1062","go",306,0.869281045751634
"1063","go",311,0.87459807073955
"1064","go",316,0.85126582278481
"1065","go",321,0.85981308411215
"1066","go",326,0.852760736196319
"1067","go",331,0.848942598187311
"1068","go",336,0.842261904761905
"1069","go",341,0.838709677419355
"1070","go",346,0.832369942196532
"1071","go",351,0.829059829059829
"1072","go",356,0.823033707865168
"1073","go",361,0.81994459833795
"1074","go",366,0.819672131147541
"1075","go",371,0.811320754716981
"1076","go",376,0.805851063829787
"1077","go",381,0.803149606299213
"1078","go",386,0.797927461139896
"1079","go",391,0.79539641943734
"1080","go",396,0.79040404040404
"1081","go",401,0.788029925187032
"1082","go",406,0.783251231527094
"1083","go",411,0.785888077858881
"1084","go",416,0.78125
"1085","go",421,0.776722090261283
"1086","go",426,0.769953051643192
"1087","go",431,0.767981438515081
"1088","go",436,0.763761467889908
"1089","go",441,0.761904761904762
"1090","go",446,0.757847533632287
"1091","go",451,0.75609756097561
"1092","go",456,0.756578947368421
"1093","go",461,0.754880694143167
"1094","go",466,0.746781115879828
"1095","go",471,0.745222929936306
"1096","go",476,0.745798319327731
"1097","go",481,0.74012474012474
"1098","go",486,0.736625514403292
"1099","go",491,0.735234215885947
"1100","go",496,0.735887096774194
"1101","go",501,0.734530938123752
"1102","go",506,0.743083003952569
"1103","go",511,0.741682974559687
"1104","go",516,0.757751937984496
"1105","go",521,0.769673704414587
"1106","go",526,0.752851711026616
"1107","go",531,0.732580037664783
"1108","go",536,0.744402985074627
"1109","go",541,0.743068391866913
"1110","go",546,0.743589743589744
"1111","go",551,0.754990925589837
"1112","go",556,0.739208633093525
"1113","go",561,0.748663101604278
"1114","go",566,0.749116607773852
"1115","go",571,0.761821366024518
"1116","go",576,0.744791666666667
"1117","go",581,0.726333907056799
"1118","go",586,0.773037542662116
"1119","go",591,0.752961082910321
"1120","go",596,0.719798657718121
"1121","go",601,0.722129783693844
"1122","go",606,0.745874587458746
"1123","go",611,0.74468085106383
"1124","go",616,0.75487012987013
"1125","go",621,0.753623188405797
"1126","go",626,0.738019169329074
"1127","go",631,0.709984152139461
"1128","go",636,0.74685534591195
"1129","go",641,0.742589703588144
"1130","go",646,0.718266253869969
"1131","go",651,0.703533026113671
"1132","go",656,0.739329268292683
"1133","go",661,0.700453857791225
"1134","go",666,0.6996996996997
"1135","go",671,0.707898658718331
"1136","go",676,0.732248520710059
"1137","go",681,0.706314243759178
"1138","go",686,0.720116618075802
"1139","go",691,0.714905933429812
"1140","go",696,0.711206896551724
"1141","go",701,0.713266761768902
"1142","go",706,0.69971671388102
"1143","go",711,0.708860759493671
"1144","go",716,0.716480446927374
"1145","go",721,0.705963938973648
"1146","go",726,0.716253443526171
"1147","go",731,0.715458276333789
"1148","go",736,0.713315217391304
"1149","go",741,0.701754385964912
"1150","go",746,0.697050938337802
"1151","go",751,0.696404793608522
"1152","go",756,0.694444444444444
"1153","go",761,0.708278580814718
"1154","go",766,0.704960835509138
"1155","go",771,0.704280155642023
"1156","go",776,0.699742268041237
"1157","go",781,0.69910371318822
"1158","go",786,0.699745547073791
"1159","go",791,0.687737041719343
"1160","go",796,0.694723618090452
"1161","go",801,0.695380774032459
"1162","go",806,0.694789081885856
"1163","go",811,0.694204685573366
"1164","go",816,0.689950980392157
"1165","go",821,0.69183922046285
"1166","go",826,0.687651331719128
"1167","go",831,0.687123947051745
"1168","go",836,0.687799043062201
"1169","go",841,0.686087990487515
"1170","go",846,0.687943262411348
"1171","go",851,0.682726204465335
"1172","go",856,0.683411214953271
"1173","go",861,0.681765389082462
"1174","go",866,0.681293302540416
"1175","go",871,0.679678530424799
"1176","go",876,0.679223744292237
"1177","go",881,0.679909194097616
"1178","go",886,0.674943566591422
"1179","go",891,0.676767676767677
"1180","go",896,0.675223214285714
"1181","go",901,0.67480577136515
"1182","go",906,0.673289183222958
"1183","go",911,0.67178924259056
"1184","go",916,0.669213973799127
"1185","go",921,0.669923995656895
"1186","go",926,0.67170626349892
"1187","go",931,0.669172932330827
"1188","go",936,0.667735042735043
"1189","go",941,0.665249734325186
"1190","go",946,0.66384778012685
"1191","go",951,0.665615141955836
"1192","go",956,0.664225941422594
"1193","go",961,0.661810613943809
"1194","go",966,0.660455486542443
"1195","go",971,0.661174047373841
"1196","go",976,0.660860655737705
"1197","go",981,0.658511722731906
"1198","go",986,0.659229208924949
"1199","go",991,0.656912209889001
"1200","go",996,0.657630522088353
"1201","go",1001,0.658341658341658
"1202","go",1006,0.656063618290258
"1203","go",1011,0.653808110781405
"1204","go",1016,0.664370078740158
"1205","go",1021,0.664054848188051
"1206","go",1026,0.662768031189084
"1207","go",1031,0.661493695441319
"1208","go",1036,0.661196911196911
"1209","go",1041,0.66954851104707
"1210","go",1046,0.678776290630975
"1211","go",1051,0.667935299714558
"1212","go",1056,0.658143939393939
"1213","go",1061,0.656927426955702
"1214","go",1066,0.656660412757974
"1215","go",1071,0.65546218487395
"1216","go",1076,0.655204460966543
"1217","go",1081,0.671600370027752
"1218","go",1086,0.662983425414365
"1219","go",1091,0.653528872593951
"1220","go",1096,0.661496350364963
"1221","go",1101,0.66030881017257
"1222","go",1106,0.658227848101266
"1223","go",1111,0.65976597659766
"1224","go",1116,0.649641577060932
"1225","go",1121,0.658340767172168
"1226","go",1126,0.655417406749556
"1227","go",1131,0.65605658709107
"1228","go",1136,0.65580985915493
"1229","go",1141,0.64592462751972
"1230","go",1146,0.652705061082024
"1231","go",1151,0.644656820156386
"1232","go",1156,0.653114186851211
"1233","go",1161,0.6442721791559
"1234","go",1166,0.660377358490566
"1235","go",1171,0.649871904355252
"1236","go",1176,0.650510204081633
"1237","go",1181,0.641828958509738
"1238","go",1186,0.639123102866779
"1239","go",1191,0.639798488664987
"1240","go",1196,0.641304347826087
"1241","go",1201,0.647793505412157
"1242","go",1206,0.646766169154229
"1243","go",1211,0.645747316267547
"1244","go",1216,0.655427631578947
"1245","go",1221,0.636363636363636
"1246","go",1226,0.642740619902121
"1247","go",1231,0.651502843216897
"1248","go",1236,0.643203883495146
"1249","go",1241,0.651893634165995
"1250","go",1246,0.640449438202247
"1251","go",1251,0.632294164668265
"1252","go",1256,0.634554140127389
"1253","go",1261,0.632831086439334
"1254","go",1266,0.639810426540284
"1255","go",1271,0.647521636506688
"1256","go",1276,0.644200626959248
"1257","go",1281,0.639344262295082
"1258","go",1286,0.639968895800933
"1259","go",1291,0.673121611154144
"1260","go",1296,0.648148148148148
"1261","go",1301,0.669485011529593
"1262","go",1306,0.637825421133231
"1263","go",1311,0.645308924485126
"1264","go",1316,0.63677811550152
"1265","go",1321,0.635124905374716
"1266","go",1326,0.644796380090498
"1267","go",1331,0.635612321562735
"1268","go",1336,0.642215568862275
"1269","go",1341,0.651752423564504
"1270","go",1346,0.648588410104012
"1271","go",1351,0.652109548482605
"1272","go",1356,0.658554572271386
"1273","go",1361,0.65686994856723
"1274","go",1366,0.646412884333821
"1275","go",1371,0.648431801604668
"1276","go",1376,0.638081395348837
"1277","go",1381,0.66183924692252
"1278","go",1386,0.649350649350649
"1279","go",1391,0.653486700215672
"1280","go",1396,0.657593123209169
"1281","go",1401,0.659528907922912
"1282","go",1406,0.649359886201991
"1283","go",1411,0.656980864635011
"1284","go",1416,0.648305084745763
"1285","go",1421,0.63265306122449
"1286","go",1426,0.663394109396914
"1287","go",1431,0.633123689727463
"1288","go",1436,0.632311977715877
"1289","go",1441,0.646079111727967
"1290","go",1446,0.62448132780083
"1291","go",1451,0.664369400413508
"1292","go",1456,0.646291208791209
"1293","go",1461,0.655715263518138
"1294","go",1466,0.65893587994543
"1295","go",1471,0.629503738953093
"1296","go",1476,0.644986449864499
"1297","go",1481,0.650911546252532
"1298","go",1486,0.634589502018843
"1299","go",1491,0.648558014755198
"1300","go",1496,0.648395721925134
"1301","go",1501,0.641572285143238
"1302","go",1506,0.626162018592297
"1303","go",1511,0.645929847782925
"1304","go",1516,0.641820580474934
"1305","go",1521,0.640368178829717
"1306","go",1526,0.631061598951507
"1307","go",1531,0.630960156760287
"1308","go",1536,0.630208333333333
"1309","go",1541,0.645035691109669
"1310","go",1546,0.624191461836999
"1311","go",1551,0.653771760154739
"1312","go",1556,0.64974293059126
"1313","go",1561,0.64445868033312
"1314","go",1566,0.634099616858238
"1315","go",1571,0.66008911521324
"1316","go",1576,0.626903553299492
"1317","go",1581,0.641366223908918
"1318","go",1586,0.647540983606557
"1319","go",1591,0.656191074795726
"1320","go",1596,0.639724310776942
"1321","go",1601,0.641474078700812
"1322","go",1606,0.630759651307596
"1323","go",1611,0.618249534450652
"1324","go",1616,0.617574257425743
"1325","go",1621,0.644046884639112
"1326","go",1626,0.65990159901599
"1327","go",1631,0.637032495401594
"1328","go",1636,0.630195599022005
"1329","go",1641,0.628275441803778
"1330","go",1646,0.641555285540705
"1331","go",1651,0.641429436705027
"1332","go",1656,0.63707729468599
"1333","go",1661,0.628537025888019
"1334","go",1666,0.663865546218487
"1335","go",1671,0.639736684619988
"1336","go",1676,0.639021479713604
"1337","go",1681,0.65437239738251
"1338","go",1686,0.64650059311981
"1339","go",1691,0.643997634535778
"1340","go",1696,0.665094339622642
"1341","go",1701,0.641975308641975
"1342","go",1706,0.64947245017585
"1343","go",1711,0.632378725891292
"1344","go",1716,0.681235431235431
"1345","go",1721,0.63335270191749
"1346","go",1726,0.640208574739282
"1347","go",1731,0.639514731369151
"1348","go",1736,0.649193548387097
"1349","go",1741,0.651924181504882
"1350","go",1746,0.643757159221077
"1351","go",1751,0.63906339234723
"1352","go",1756,0.636674259681093
"1353","go",1761,0.635434412265758
"1354","go",1766,0.630237825594564
"1355","go",1771,0.657820440429136
"1356","go",1776,0.652027027027027
"1357","go",1781,0.648512071869736
"1358","go",1786,0.65565509518477
"1359","go",1791,0.635957565605807
"1360","go",1796,0.639755011135857
"1361","go",1801,0.634092171016102
"1362","go",1806,0.653931339977852
"1363","go",1811,0.653230259525124
"1364","go",1816,0.650330396475771
"1365","go",1821,0.639209225700165
"1366","go",1826,0.66210295728368
"1367","go",1831,0.654287274713271
"1368","go",1836,0.636710239651416
"1369","go",1841,0.653449212384574
"1370","go",1846,0.646803900325027
"1371","go",1851,0.660183684494868
"1372","go",1856,0.654094827586207
"1373","go",1861,0.659322944653412
"1374","go",1866,0.627545551982851
"1375","go",1871,0.635489043292357
"1376","go",1876,0.655117270788913
"1377","go",1881,0.641679957469431
"1378","go",1886,0.633085896076352
"1379","go",1891,0.664198836594394
"1380","go",1896,0.655063291139241
"1381","go",1901,0.64281956864808
"1382","go",1906,0.663168940188877
"1383","go",1911,0.631606488749346
"1384","go",1916,0.64509394572025
"1385","go",1921,0.652264445601249
"1386","go",1926,0.66147455867082
"1387","go",1931,0.640600725012947
"1388","go",1936,0.646694214876033
"1389","go",1941,0.652241112828439
"1390","go",1946,0.650565262076053
"1391","go",1951,0.629933367503844
"1392","go",1956,0.628323108384458
"1393","go",1961,0.648648648648649
"1394","go",1966,0.651576805696846
"1395","go",1971,0.627600202942669
"1396","go",1976,0.6417004048583
"1397","go",1981,0.642604745078243
"1398","go",1986,0.667170191339376
"1399","go",1991,0.626318432948267
"1400","go",1996,0.648296593186373
"1401","go",2001,0.646176911544228
"1402","go",2006,0.663010967098704
"1403","go",2011,0.644952759820985
"1404","go",2016,0.640873015873016
"1405","go",2021,0.639782285997031
"1406","go",2026,0.646100691016782
"1407","go",2031,0.653372722796652
"1408","go",2036,0.652750491159136
"1409","go",2041,0.654581087702107
"1410","go",2046,0.629521016617791
"1411","go",2051,0.628961482203803
"1412","go",2056,0.637645914396887
"1413","go",2061,0.650655021834061
"1414","go",2066,0.628267182962246
"1415","go",2071,0.637373249637856
"1416","go",2076,0.633911368015414
"1417","go",2081,0.633349351273426
"1418","go",2086,0.649089165867689
"1419","go",2091,0.627450980392157
"1420","go",2096,0.647423664122137
"1421","go",2101,0.647786768205616
"1422","go",2106,0.632003798670465
"1423","go",2111,0.626243486499289
"1424","go",2116,0.639886578449905
"1425","go",2121,0.64026402640264
"1426","go",2126,0.653809971777987
"1427","go",2131,0.631159080244017
"1428","go",2136,0.630149812734082
"1429","go",2141,0.623540401681457
"1430","go",2146,0.637931034482759
"1431","go",2151,0.631334263133426
"1432","go",2156,0.651669758812616
"1433","go",2161,0.643220731142989
"1434","go",2166,0.635272391505079
"1435","go",2171,0.643482266236757
"1436","go",2176,0.642003676470588
"1437","go",2181,0.642365887207703
"1438","go",2186,0.628087831655993
"1439","go",2191,0.633500684618896
"1440","go",2196,0.627504553734062
"1441","go",2201,0.64970467969105
"1442","go",2206,0.632819582955576
"1443","go",2211,0.640886476707372
"1444","go",2216,0.632220216606498
"1445","go",2221,0.640252138676272
"1446","go",2226,0.612758310871518
"1447","go",2231,0.639175257731959
"1448","go",2236,0.641323792486583
"1449","go",2241,0.632753235162874
"1450","go",2246,0.646482635796972
"1451","go",2251,0.629498000888494
"1452","go",2256,0.636968085106383
"1453","go",2261,0.637328615656789
"1454","go",2266,0.636363636363636
"1455","go",2271,0.644209599295465
"1456","go",2276,0.628734622144112
"1457","go",2281,0.635686102586585
"1458","go",2286,0.630358705161855
"1459","go",2291,0.635093845482322
"1460","go",2296,0.638066202090592
"1461","go",2301,0.645371577574967
"1462","go",2306,0.64050303555941
"1463","go",2311,0.660752920813501
"1464","go",2316,0.651554404145078
"1465","go",2321,0.643688065489013
"1466","go",2326,0.643164230438521
"1467","go",2331,0.635778635778636
"1468","go",2336,0.66138698630137
"1469","go",2341,0.634771465185818
"1470","go",2346,0.641943734015345
"1471","go",2351,0.641854529987239
"1472","go",2356,0.65704584040747
"1473","go",2361,0.633629817873782
"1474","go",2366,0.633136094674556
"1475","go",2371,0.648249683677773
"1476","go",2376,0.640151515151515
"1477","go",2381,0.647627047459051
"1478","go",2386,0.649622799664711
"1479","go",2391,0.647427854454203
"1480","go",2396,0.64983305509182
"1481","go",2401,0.656393169512703
"1482","go",2406,0.655860349127182
"1483","go",2411,0.656159270012443
"1484","go",2416,0.649420529801324
"1485","go",2421,0.660057827344073
"1486","go",2426,0.655399835119538
"1487","go",2431,0.637186343068696
"1488","go",2436,0.636699507389163
"1489","go",2441,0.651372388365424
"1490","go",2446,0.636140637775961
"1491","go",2451,0.629538963688291
"1492","go",2456,0.629071661237785
"1493","go",2461,0.65826899634295
"1494","go",2466,0.635036496350365
"1495","go",2471,0.64467826790773
"1496","go",2476,0.642568659127625
"1497","go",2481,0.642079806529625
"1498","go",2486,0.650844730490748
"1499","go",2491,0.656362906463268
"1500","go",2496,0.651041666666667
"1501","go",2501,0.642942822870852
"1502","go",2506,0.647246608140463
"1503","go",2511,0.633612106730386
"1504","go",2516,0.633147853736089
"1505","go",2521,0.648948829829433
"1506","go",2526,0.648456057007126
"1507","go",2531,0.648755432635322
"1508","go",2536,0.631309148264984
"1509","go",2541,0.631641086186541
"1510","go",2546,0.647289866457188
"1511","go",2551,0.652293218345747
"1512","go",2556,0.623239436619718
"1513","go",2561,0.630222569308864
"1514","go",2566,0.629773967264225
"1515","go",2571,0.637495138078569
"1516","go",2576,0.636257763975155
"1517","go",2581,0.63618752421542
"1518","go",2586,0.643464810518175
"1519","go",2591,0.649556155924354
"1520","go",2596,0.658320493066256
"1521","go",2601,0.628988850442138
"1522","go",2606,0.650805832693784
"1523","go",2611,0.628111834546151
"1524","go",2616,0.628058103975535
"1525","go",2621,0.627241510873712
"1526","go",2626,0.633663366336634
"1527","go",2631,0.636259977194983
"1528","go",2636,0.649089529590288
"1529","go",2641,0.655812192351382
"1530","go",2646,0.619803476946334
"1531","go",2651,0.648434552998868
"1532","go",2656,0.648719879518072
"1533","go",2661,0.641488162344983
"1534","go",2666,0.648162040510127
"1535","go",2671,0.631598652190191
"1536","go",2676,0.637892376681614
"1537","go",2681,0.63148079074972
"1538","go",2686,0.638123603871929
"1539","go",2691,0.617985878855444
"1540","go",2696,0.639836795252225
"1541","go",2701,0.630877452795261
"1542","go",2706,0.631929046563193
"1543","go",2711,0.652157875322759
"1544","go",2716,0.651325478645066
"1545","go",2721,0.629915472252848
"1546","go",2726,0.622157006603081
"1547","go",2731,0.636030757964116
"1548","go",2736,0.627558479532164
"1549","go",2741,0.622400583728566
"1550","go",2746,0.63510560815732
"1551","go",2751,0.651762995274446
"1552","go",2756,0.628084179970972
"1553","go",2761,0.642883013400942
"1554","go",2766,0.63412870571222
"1555","go",2771,0.634067123782028
"1556","go",2776,0.63364553314121
"1557","go",2781,0.647968356706221
"1558","go",2786,0.639626704953338
"1559","go",2791,0.63274811895378
"1560","go",2796,0.638412017167382
"1561","go",2801,0.640485540878258
"1562","go",2806,0.632216678545973
"1563","go",2811,0.625400213447172
"1564","go",2816,0.626775568181818
"1565","go",2821,0.645870258773485
"1566","go",2826,0.624203821656051
"1567","go",2831,0.624867537972448
"1568","go",2836,0.630818053596615
"1569","go",2841,0.630059838085181
"1570","go",2846,0.63035839775123
"1571","go",2851,0.645036829182743
"1572","go",2856,0.654411764705882
"1573","go",2861,0.629500174764068
"1574","go",2866,0.637822749476622
"1575","go",2871,0.629049111807732
"1576","go",2876,0.635257301808067
"1577","go",2881,0.643873654980909
"1578","go",2886,0.622314622314622
"1579","go",2891,0.651677620200623
"1580","go",2896,0.623273480662983
"1581","go",2901,0.642192347466391
"1582","go",2906,0.627666896077082
"1583","go",2911,0.633115767777396
"1584","go",2916,0.627229080932785
"1585","go",2921,0.635398836015063
"1586","go",2926,0.641148325358852
"1587","go",2931,0.620266120777891
"1588","go",2936,0.633855585831063
"1589","go",2941,0.625637538252295
"1590","go",2946,0.633401221995927
"1591","go",2951,0.631989156218231
"1592","go",2956,0.625507442489851
"1593","go",2961,0.612630867950017
"1594","go",2966,0.639244774106541
"1595","go",2971,0.646920228879165
"1596","go",2976,0.624663978494624
"1597","go",2981,0.619926199261993
"1598","go",2986,0.637642330877428
"1599","go",2991,0.618522233366767
"1600","go",2996,0.645861148197597
"1601","go",3001,0.629123625458181
"1602","go",3006,0.637391882900865
"1603","go",3011,0.622716705413484
"1604","go",3016,0.627652519893899
"1605","go",3021,0.638861304203906
"1606","go",3026,0.622604097818903
"1607","go",3031,0.628175519630485
"1608","go",3036,0.635375494071146
"1609","go",3041,0.627425189082539
"1610","go",3046,0.636244254760341
"1611","go",3051,0.634873811864962
"1612","go",3056,0.620746073298429
"1613","go",3061,0.629206141783731
"1614","go",3066,0.645140247879974
"1615","go",3071,0.644415499837187
"1616","go",3076,0.624512353706112
"1617","go",3081,0.644595910418695
"1618","go",3086,0.644199611147116
"1619","go",3091,0.644451633775477
"1620","go",3096,0.637919896640827
"1621","go",3101,0.62979683972912
"1622","go",3106,0.65099806825499
"1623","go",3111,0.634844101575056
"1624","go",3116,0.64987163029525
"1625","go",3121,0.6231976930471
"1626","go",3126,0.636276391554703
"1627","go",3131,0.633982753114021
"1628","go",3136,0.641262755102041
"1629","go",3141,0.634511302133079
"1630","go",3146,0.633820724729816
"1631","go",3151,0.641066328149794
"1632","go",3156,0.658745247148289
"1633","go",3161,0.627649478013287
"1634","go",3166,0.632343651295009
"1635","go",3171,0.647745190791548
"1636","go",3176,0.647670025188917
"1637","go",3181,0.626218170386671
"1638","go",3186,0.656622724419335
"1639","go",3191,0.639298025697274
"1640","go",3196,0.638610763454318
"1641","go",3201,0.625429553264605
"1642","go",3206,0.64691203992514
"1643","go",3211,0.648396138274681
"1644","go",3216,0.632151741293532
"1645","go",3221,0.638000620925179
"1646","go",3226,0.63794172349659
"1647","go",3231,0.637264004952027
"1648","go",3236,0.629480840543881
"1649","go",3241,0.632212280160444
"1650","go",3246,0.646333949476279
"1651","go",3251,0.63641956321132
"1652","go",3256,0.629299754299754
"1653","go",3261,0.628948175406317
"1654","go",3266,0.628291488058788
"1655","go",3271,0.653622745337817
"1656","go",3276,0.635836385836386
"1657","go",3281,0.636696129228894
"1658","go",3286,0.63542300669507
"1659","go",3291,0.642054086903677
"1660","go",3296,0.63501213592233
"1661","go",3301,0.621629809148743
"1662","go",3306,0.633998790078645
"1663","go",3311,0.626698882512836
"1664","go",3316,0.634197828709288
"1665","go",3321,0.650707618187293
"1666","go",3326,0.634395670475045
"1667","go",3331,0.633143200240168
"1668","go",3336,0.640587529976019
"1669","go",3341,0.626159832385513
"1670","go",3346,0.632396891811118
"1671","go",3351,0.632646971053417
"1672","go",3356,0.625446960667461
"1673","go",3361,0.632252305861351
"1674","go",3366,0.626262626262626
"1675","go",3371,0.624443785226936
"1676","go",3376,0.631812796208531
"1677","go",3381,0.631469979296066
"1678","go",3386,0.647371529828706
"1679","go",3391,0.645237393099381
"1680","go",3396,0.661660777385159
"1681","go",3401,0.647162599235519
"1682","go",3406,0.644744568408691
"1683","go",3411,0.645265318088537
"1684","go",3416,0.622950819672131
"1685","go",3421,0.624671148786904
"1686","go",3426,0.630472854640981
"1687","go",3431,0.636840571262023
"1688","go",3436,0.636495925494761
"1689","go",3441,0.645742516710259
"1690","go",3446,0.628554846198491
"1691","go",3451,0.652564474065488
"1692","go",3456,0.621238425925926
"1693","go",3461,0.628720023114707
"1694","go",3466,0.634737449509521
"1695","go",3471,0.620858542206857
"1696","go",3476,0.62054085155351
"1697","go",3481,0.627693191611606
"1698","go",3486,0.622489959839357
"1699","go",3491,0.620166141506732
"1700","go",3496,0.635869565217391
"1701","go",3501,0.626678091973722
"1702","go",3506,0.649743297204792
"1703","go",3511,0.626602107661635
"1704","go",3516,0.642491467576792
"1705","go",3521,0.642147117296223
"1706","go",3526,0.640952921157119
"1707","go",3531,0.6256018125177
"1708","go",3536,0.641685520361991
"1709","go",3541,0.625529511437447
"1710","go",3546,0.639593908629442
"1711","go",3551,0.63165305547733
"1712","go",3556,0.631889763779528
"1713","go",3561,0.631283347374333
"1714","go",3566,0.624789680314077
"1715","go",3571,0.624194903388407
"1716","go",3576,0.647371364653244
"1717","go",3581,0.637252164199944
"1718","go",3586,0.639709983268265
"1719","go",3591,0.623503202450571
"1720","go",3596,0.623192436040044
"1721","go",3601,0.623993335184671
"1722","go",3606,0.622850804215197
"1723","go",3611,0.62309609526447
"1724","go",3616,0.61587389380531
"1725","go",3621,0.624413145539906
"1726","go",3626,0.635410921125207
"1727","go",3631,0.628752409804462
"1728","go",3636,0.635588558855886
"1729","go",3641,0.6220818456468
"1730","go",3646,0.621503017004937
"1731","go",3651,0.634620651876198
"1732","go",3656,0.614606126914661
"1733","go",3661,0.628243649276154
"1734","go",3666,0.627932351336607
"1735","go",3671,0.636611277581041
"1736","go",3676,0.627584330794342
"1737","go",3681,0.613963596848682
"1738","go",3686,0.633206728160608
"1739","go",3691,0.633432674072067
"1740","go",3696,0.613906926406926
"1741","go",3701,0.647932991083491
"1742","go",3706,0.633567188343227
"1743","go",3711,0.632983023443816
"1744","go",3716,0.620290635091496
"1745","go",3721,0.641225477022306
"1746","go",3726,0.625872249060655
"1747","go",3731,0.638166711337443
"1748","go",3736,0.632494646680942
"1749","go",3741,0.637797380379578
"1750","go",3746,0.625200213561132
"1751","go",3751,0.633164489469475
"1752","go",3756,0.624866879659212
"1753","go",3761,0.611539484179739
"1754","go",3766,0.637280934678704
"1755","go",3771,0.624502784407319
"1756","go",3776,0.610963983050847
"1757","go",3781,0.629992065591113
"1758","go",3786,0.623877443211833
"1759","go",3791,0.629649169084674
"1760","go",3796,0.61722866174921
"1761","go",3801,0.62509865824783
"1762","go",3806,0.616920651602733
"1763","go",3811,0.622933613224875
"1764","go",3816,0.617138364779874
"1765","go",3821,0.637267730960482
"1766","go",3826,0.637219027705175
"1767","go",3831,0.628817541111981
"1768","go",3836,0.62851929092805
"1769","go",3841,0.627961468367613
"1770","go",3846,0.628185127405096
"1771","go",3851,0.627629187224098
"1772","go",3856,0.629408713692946
"1773","go",3861,0.627298627298627
"1774","go",3866,0.635281945162959
"1775","go",3871,0.62154482045983
"1776","go",3876,0.620485036119711
"1777","go",3881,0.615047668126771
"1778","go",3886,0.626865671641791
"1779","go",3891,0.643022359290671
"1780","go",3896,0.620379876796715
"1781","go",3901,0.628300435785696
"1782","go",3906,0.649257552483359
"1783","go",3911,0.626438251086679
"1784","go",3916,0.632022471910112
"1785","go",3921,0.619739862280031
"1786","go",3926,0.618950585838003
"1787","go",3931,0.633172220808954
"1788","go",3936,0.625762195121951
"1789","go",3941,0.612534889621923
"1790","go",3946,0.619361378611252
"1791","go",3951,0.619083776259175
"1792","go",3956,0.639282103134479
"1793","go",3961,0.634183287048725
"1794","go",3966,0.630358043368633
"1795","go",3971,0.638378242256359
"1796","go",3976,0.626509054325956
"1797","go",3981,0.630243657372519
"1798","go",3986,0.629703963873557
"1799","go",3991,0.623152092207467
"1800","go",3996,0.63988988988989
"1801","go",4001,0.616845788552862
"1802","go",4006,0.616575137294059
"1803","go",4011,0.639242084268262
"1804","go",4016,0.622758964143426
"1805","go",4021,0.644367072867446
"1806","go",4026,0.628415300546448
"1807","go",4031,0.63011659637807
"1808","go",4036,0.632061446977205
"1809","go",4041,0.627814897302648
"1810","go",4046,0.621848739495798
"1811","go",4051,0.627746235497408
"1812","go",4056,0.628944773175542
"1813","go",4061,0.61511942871214
"1814","go",4066,0.634530250860797
"1815","go",4071,0.614836649471874
"1816","go",4076,0.62144259077527
"1817","go",4081,0.628277382994364
"1818","go",4086,0.642192853646598
"1819","go",4091,0.629919335125886
"1820","go",4096,0.652099609375
"1821","go",4101,0.623994147768837
"1822","go",4106,0.637603507062835
"1823","go",4111,0.617854536609098
"1824","go",4116,0.629494655004859
"1825","go",4121,0.637223974763407
"1826","go",4126,0.629180804653417
"1827","go",4131,0.617768094892278
"1828","go",4136,0.630802707930368
"1829","go",4141,0.628592127505433
"1830","go",4146,0.643994211287988
"1831","go",4151,0.622741508070344
"1832","go",4156,0.649422521655438
"1833","go",4161,0.633982215813506
"1834","go",4166,0.627460393662986
"1835","go",4171,0.63533924718293
"1836","go",4176,0.627634099616858
"1837","go",4181,0.640516622817508
"1838","go",4186,0.627329192546584
"1839","go",4191,0.640419947506562
"1840","go",4196,0.63417540514776
"1841","go",4201,0.632230421328255
"1842","go",4206,0.631478839752734
"1843","go",4211,0.628354310140109
"1844","go",4216,0.631641366223909
"1845","go",4221,0.639658848614073
"1846","go",4226,0.639375295787979
"1847","go",4231,0.627747577404869
"1848","go",4236,0.627714825306893
"1849","go",4241,0.638528648903561
"1850","go",4246,0.638718794159209
"1851","go",4251,0.632792284168431
"1852","go",4256,0.638392857142857
"1853","go",4261,0.624970664163342
"1854","go",4266,0.625410220346929
"1855","go",4271,0.645750409740108
"1856","go",4276,0.630261927034612
"1857","go",4281,0.64704508292455
"1858","go",4286,0.636957536164256
"1859","go",4291,0.632020508040084
"1860","go",4296,0.63012104283054
"1861","go",4301,0.631713554987212
"1862","go",4306,0.628889921040409
"1863","go",4311,0.643702157272095
"1864","go",4316,0.623030583873957
"1865","go",4321,0.636195325156214
"1866","go",4326,0.64493758668516
"1867","go",4331,0.617409374278458
"1868","go",4336,0.623385608856089
"1869","go",4341,0.628196268140981
"1870","go",4346,0.628163828808099
"1871","go",4351,0.635715927373018
"1872","go",4356,0.635215794306703
"1873","go",4361,0.621875716578766
"1874","go",4366,0.634906092533211
"1875","go",4371,0.64378860672615
"1876","go",4376,0.634597806215722
"1877","go",4381,0.616297648938599
"1878","go",4386,0.621979024167807
"1879","go",4391,0.621270781143248
"1880","go",4396,0.626706096451319
"1881","go",4401,0.626221313337878
"1882","go",4406,0.628234226055379
"1883","go",4411,0.62616186805713
"1884","go",4416,0.628396739130435
"1885","go",4421,0.64080524768152
"1886","go",4426,0.626299141436963
"1887","go",4431,0.627397878582713
"1888","go",4436,0.62736699729486
"1889","go",4441,0.619680252195451
"1890","go",4446,0.625281151596941
"1891","go",4451,0.625252752190519
"1892","go",4456,0.626795332136445
"1893","go",4461,0.648285137861466
"1894","go",4466,0.631885356023287
"1895","go",4471,0.631626034444196
"1896","go",4476,0.624441465594281
"1897","go",4481,0.623967864316001
"1898","go",4486,0.645118145341061
"1899","go",4491,0.630817189935426
"1900","go",4496,0.623887900355872
"1901","go",4501,0.630526549655632
"1902","go",4506,0.630714602751886
"1903","go",4511,0.623365107514963
"1904","go",4516,0.629982285208149
"1905","go",4521,0.617562486175625
"1906","go",4526,0.623066725585506
"1907","go",4531,0.622820569410726
"1908","go",4536,0.630731922398589
"1909","go",4541,0.62232988328562
"1910","go",4546,0.62384513858337
"1911","go",4551,0.622720281256867
"1912","go",4556,0.621817383669886
"1913","go",4561,0.645253233939926
"1914","go",4566,0.618484450284713
"1915","go",4571,0.636184642310217
"1916","go",4576,0.637456293706294
"1917","go",4581,0.628465400567562
"1918","go",4586,0.621020497165286
"1919","go",4591,0.635155739490307
"1920","go",4596,0.621192341166231
"1921","go",4601,0.627689632688546
"1922","go",4606,0.635258358662614
"1923","go",4611,0.62741270873997
"1924","go",4616,0.634532062391681
"1925","go",4621,0.627353386712833
"1926","go",4626,0.626891482922611
"1927","go",4631,0.61520190023753
"1928","go",4636,0.626617773943054
"1929","go",4641,0.604180133591898
"1930","go",4646,0.626775721050366
"1931","go",4651,0.642227477961729
"1932","go",4656,0.626503436426117
"1933","go",4661,0.626689551598369
"1934","go",4666,0.619374196313759
"1935","go",4671,0.625990152001713
"1936","go",4676,0.632378100940975
"1937","go",4681,0.619098483230079
"1938","go",4686,0.62569355527102
"1939","go",4691,0.618418247708378
"1940","go",4696,0.639054514480409
"1941","go",4701,0.618804509678792
"1942","go",4706,0.625159371015725
"1943","go",4711,0.63150074294205
"1944","go",4716,0.624469889737065
"1945","go",4721,0.63143401821648
"1946","go",4726,0.632670334320779
"1947","go",4731,0.617628408370323
"1948","go",4736,0.624788851351351
"1949","go",4741,0.624340856359418
"1950","go",4746,0.631268436578171
"1951","go",4751,0.6375499894759
"1952","go",4756,0.630571909167367
"1953","go",4761,0.61184625078765
"1954","go",4766,0.623583718002518
"1955","go",4771,0.623768601970237
"1956","go",4776,0.623324958123953
"1957","go",4781,0.611378372725371
"1958","go",4786,0.617634768073548
"1959","go",4791,0.616364015863077
"1960","go",4796,0.6290658882402
"1961","go",4801,0.615705061445532
"1962","go",4806,0.629213483146067
"1963","go",4811,0.622323841197256
"1964","go",4816,0.635589700996678
"1965","go",4821,0.635760215722879
"1966","go",4826,0.658516369664318
"1967","go",4831,0.621817429103705
"1968","go",4836,0.628825475599669
"1969","go",4841,0.615162156579219
"1970","go",4846,0.621130829550144
"1971","go",4851,0.62152133580705
"1972","go",4856,0.614703459637562
"1973","go",4861,0.614276897757663
"1974","go",4866,0.627620221948212
"1975","go",4871,0.635393143091768
"1976","go",4876,0.635561936013125
"1977","go",4881,0.648432698217578
"1978","go",4886,0.63323782234957
"1979","go",4891,0.633408300960949
"1980","go",4896,0.620302287581699
"1981","go",4901,0.620281575188737
"1982","go",4906,0.626987362413371
"1983","go",4911,0.626552636937487
"1984","go",4916,0.626729048006509
"1985","go",4921,0.626092257671205
"1986","go",4926,0.63377994315875
"1987","go",4931,0.613060231190428
"1988","go",4936,0.648500810372772
"1989","go",4941,0.632260675976523
"1990","go",4946,0.648200566114032
"1991","go",4951,0.625530195920016
"1992","go",4956,0.611985472154964
"1993","go",4961,0.607135658133441
"1994","go",4966,0.626661296818365
"1995","go",4971,0.618386642526655
"1996","go",4976,0.624397106109325
"1997","go",4981,0.62457337883959
"1998","go",4986,0.618130766145207
"1999","go",4991,0.639150470847526
"2000","go",4996,0.617894315452362
