language,max,mean,n
java,614,614,1
java,614,614,6
java,614,614,11
java,614,614,16
java,614,614,21
java,921,921,26
java,614,614,31
java,614,614,36
java,614,614,41
java,921,893,46
java,921,893,51
java,921,893,56
java,921,893,61
java,921,893,66
java,921,893,71
java,921,893,76
java,921,893,81
java,614,614,86
java,921,921,91
java,921,893,96
java,921,893,101
java,921,893,106
java,921,893,111
java,921,893,116
java,921,893,121
java,921,893,126
java,921,893,131
java,921,921,136
java,921,893,141
java,921,893,146
java,921,893,151
java,921,893,156
java,921,893,161
java,921,893,166
java,921,893,171
java,921,893,176
java,921,921,181
java,921,893,186
java,921,893,191
java,921,893,196
java,921,893,201
java,921,893,206
java,921,893,211
java,921,893,216
java,921,893,221
java,921,893,226
java,921,893,231
java,921,893,236
java,921,893,241
java,921,893,246
java,921,893,251
java,921,893,256
java,921,893,261
java,921,893,266
java,921,893,271
java,921,893,276
java,921,893,281
java,921,893,286
java,921,893,291
java,921,893,296
java,921,893,301
java,921,893,306
java,921,893,311
java,921,893,316
java,921,893,321
java,921,893,326
java,921,893,331
java,922,894,336
java,1229,1173,341
java,1229,1173,346
java,1229,1173,351
java,1229,1173,356
java,1229,1173,361
java,1229,1173,366
java,1229,1173,371
java,1229,1173,376
java,1229,1173,381
java,1229,1173,386
java,1229,1173,391
java,1229,1173,396
java,1229,1173,401
java,1229,1173,406
java,1229,1173,411
java,1229,1173,416
java,1229,1173,421
java,1229,1173,426
java,1229,1201,431
java,1229,1173,436
java,1229,1201,441
java,1229,1173,446
java,1229,1173,451
java,1229,1173,456
java,1229,1173,461
java,1229,1173,466
java,1229,1173,471
java,1229,1173,476
java,1229,1201,481
java,1229,1173,486
java,1229,1201,491
java,1229,1201,496
java,1229,1173,501
java,1229,1173,506
java,1229,1173,511
java,1229,1173,516
java,1229,1173,521
java,1229,1173,526
java,1229,1173,531
java,1229,1173,536
java,1229,1173,541
java,1229,1173,546
java,1229,1173,551
java,1229,1173,556
java,1229,1173,561
java,1229,1173,566
java,1229,1173,571
java,1229,1173,576
java,1229,1173,581
java,1229,1173,586
java,1229,1173,591
java,1229,1201,596
java,1229,1173,601
java,1229,1173,606
java,1229,1173,611
java,1229,1173,616
java,1229,1173,621
java,1229,1173,626
java,1229,1173,631
java,1229,1173,636
java,1229,1201,641
java,1229,1173,646
java,1229,1173,651
java,1229,1201,656
java,1229,1173,661
java,1229,1173,666
java,1229,1173,671
java,1229,1201,676
java,1229,1173,681
java,1229,1201,686
java,1229,1173,691
java,1229,1173,696
java,1229,1173,701
java,1229,1173,706
java,1229,1173,711
java,1229,1173,716
java,1229,1173,721
java,1229,1173,726
java,1229,1173,731
java,1229,1173,736
java,1229,1173,741
java,1229,1173,746
java,1229,1173,751
java,1229,1173,756
java,1229,1173,761
java,1229,1173,766
java,1229,1173,771
java,1229,1173,776
java,1229,1173,781
java,1229,1173,786
java,1229,1173,791
java,1229,1152,796
java,1229,1173,801
java,1229,1173,806
java,1229,1173,811
java,1229,1173,816
java,1229,1173,821
java,1229,1173,826
java,1229,1173,831
java,1229,1173,836
java,1536,1452,841
java,1536,1452,846
java,1536,1452,851
java,1536,1452,856
java,1536,1452,861
java,1536,1452,866
java,1536,1452,871
java,1536,1452,876
java,1536,1452,881
java,1536,1452,886
java,1536,1452,891
java,1536,1452,896
java,1536,1452,901
java,1536,1480,906
java,1536,1452,911
java,1536,1452,916
java,1536,1452,921
java,1536,1452,926
java,1536,1452,931
java,1536,1452,936
java,1536,1452,941
java,1536,1452,946
java,1536,1452,951
java,1536,1452,956
java,1536,1452,961
java,1536,1452,966
java,1536,1452,971
java,1536,1480,976
java,1536,1452,981
java,1536,1452,986
java,1536,1452,991
java,1536,1452,996
java,1536,1452,1001
java,1536,1480,1006
java,1536,1452,1011
java,1536,1452,1016
java,1536,1452,1021
java,1536,1452,1026
java,1536,1452,1031
java,1536,1452,1036
java,1536,1452,1041
java,1536,1452,1046
java,1536,1452,1051
java,1536,1452,1056
java,1536,1452,1061
java,1536,1452,1066
java,1536,1452,1071
java,1536,1452,1076
java,1536,1452,1081
java,1536,1452,1086
java,1536,1452,1091
java,1536,1452,1096
java,1536,1480,1101
java,1536,1452,1106
java,1536,1452,1111
java,1536,1452,1116
java,1536,1452,1121
java,1536,1452,1126
java,1843,1484,1131
java,1536,1452,1136
java,1536,1452,1141
java,1536,1452,1146
java,1536,1452,1151
java,1536,1452,1156
java,1536,1452,1161
java,1536,1452,1166
java,1536,1452,1171
java,1536,1452,1176
java,1536,1452,1181
java,1536,1452,1186
java,1536,1452,1191
java,1536,1452,1196
java,1536,1480,1201
java,1536,1452,1206
java,1536,1452,1211
java,1536,1480,1216
java,1536,1452,1221
java,1536,1452,1226
java,1536,1452,1231
java,1536,1459,1236
java,1536,1452,1241
java,1536,1452,1246
java,1536,1452,1251
java,1536,1452,1256
java,1536,1452,1261
java,1843,1484,1266
java,1536,1452,1271
java,1536,1480,1276
java,1536,1452,1281
java,1536,1452,1286
java,1536,1452,1291
java,1536,1452,1296
java,1536,1407,1301
java,1536,1452,1306
java,1536,1452,1311
java,1536,1452,1316
java,1536,1452,1321
java,1536,1452,1326
java,1536,1452,1331
java,1536,1452,1336
java,1843,1759,1341
java,1843,1731,1346
java,1843,1731,1351
java,1843,1731,1356
java,1843,1731,1361
java,1843,1731,1366
java,1843,1731,1371
java,1843,1731,1376
java,1843,1731,1381
java,1843,1731,1386
java,1843,1731,1391
java,1843,1759,1396
java,1843,1731,1401
java,1843,1731,1406
java,1843,1731,1411
java,1843,1731,1416
java,1843,1731,1421
java,1843,1759,1426
java,1843,1731,1431
java,1843,1715,1436
java,1843,1731,1441
java,1843,1731,1446
java,1843,1731,1451
java,1843,1731,1456
java,1843,1731,1461
java,1843,1731,1466
java,1843,1731,1471
java,1843,1731,1476
java,1843,1731,1481
java,1843,1731,1486
java,1843,1731,1491
java,1843,1731,1496
java,1843,1731,1501
java,2150,1766,1506
java,1843,1731,1511
java,2150,1766,1516
java,1843,1731,1521
java,1843,1731,1526
java,2150,1715,1531
java,1843,1731,1536
java,1843,1731,1541
java,1843,1715,1546
java,1843,1731,1551
java,1843,1731,1556
java,1843,1689,1561
java,1843,1759,1566
java,1843,1731,1571
java,2150,1766,1576
java,1843,1731,1581
java,1843,1731,1586
java,1843,1731,1591
java,1843,1731,1596
java,1843,1731,1601
java,2150,1766,1606
java,1843,1731,1611
java,1843,1731,1616
java,1843,1759,1621
java,1843,1759,1626
java,1843,1731,1631
java,1843,1731,1636
java,1843,1689,1641
java,1843,1731,1646
java,1843,1731,1651
java,1843,1731,1656
java,1843,1731,1661
java,1843,1731,1666
java,2150,1766,1671
java,1843,1731,1676
java,1843,1731,1681
java,1843,1731,1686
java,2150,1766,1691
java,1843,1731,1696
java,1843,1731,1701
java,1843,1731,1706
java,1843,1731,1711
java,1843,1731,1716
java,1843,1731,1721
java,1843,1731,1726
java,1843,1731,1731
java,1843,1731,1736
java,1843,1731,1741
java,1843,1731,1746
java,2150,1766,1751
java,1843,1731,1756
java,2150,1740,1761
java,1843,1689,1766
java,1843,1689,1771
java,1843,1731,1776
java,2150,1766,1781
java,1843,1731,1786
java,1843,1731,1791
java,1843,1731,1796
java,1843,1731,1801
java,1843,1731,1806
java,2150,1766,1811
java,1843,1731,1816
java,1843,1731,1821
java,2150,1766,1826
java,1843,1731,1831
java,1843,1759,1836
java,1843,1731,1841
java,1843,1731,1846
java,2457,2047,1851
java,2150,2010,1856
java,2458,2048,1861
java,2151,2011,1866
java,2458,2022,1871
java,2458,2074,1876
java,2151,2011,1881
java,2458,2048,1886
java,2458,2048,1891
java,2151,2011,1896
java,2458,2048,1901
java,2151,2011,1906
java,2151,2011,1911
java,2458,1971,1916
java,2458,2048,1921
java,2151,2011,1926
java,2458,2048,1931
java,2151,2011,1936
java,2458,2048,1941
java,2458,2074,1946
java,2151,2011,1951
java,2458,2048,1956
java,2151,2039,1961
java,2151,2011,1966
java,2458,2048,1971
java,2458,2022,1976
java,2458,2074,1981
java,2151,2011,1986
java,2151,2011,1991
java,2151,2011,1996
java,2458,2048,2001
java,2151,2011,2006
java,2151,2011,2011
java,2151,2039,2016
java,2151,2011,2021
java,2151,2011,2026
java,2458,2048,2031
java,2151,2011,2036
java,2151,2022,2041
java,2458,2048,2046
java,2151,2011,2051
java,2458,2048,2056
java,2151,2011,2061
java,2151,2011,2066
java,2458,2048,2071
java,2151,2011,2076
java,2458,2048,2081
java,2151,2011,2086
java,2458,2074,2091
java,2151,2011,2096
java,2458,2048,2101
java,2458,2048,2106
java,2458,1971,2111
java,2458,2074,2116
java,2151,2011,2121
java,2458,1997,2126
java,2458,2074,2131
java,2151,2011,2136
java,2458,2048,2141
java,2458,2048,2146
java,2151,2011,2151
java,2458,2048,2156
java,2458,2048,2161
java,2458,2048,2166
java,2151,1946,2171
java,2458,2048,2176
java,2151,2011,2181
java,2458,2048,2186
java,2458,2048,2191
java,2458,2048,2196
java,2458,2048,2201
java,2151,2022,2206
java,2458,2074,2211
java,2151,2011,2216
java,2151,2011,2221
java,2458,2048,2226
java,2458,2074,2231
java,2151,2011,2236
java,2151,2011,2241
java,2458,2048,2246
java,2151,2011,2251
java,2458,2048,2256
java,2458,2048,2261
java,2458,2048,2266
java,2458,2048,2271
java,2151,2011,2276
java,2151,2011,2281
java,2151,2011,2286
java,2458,1997,2291
java,2458,2048,2296
java,2458,2048,2301
java,2458,2048,2306
java,2458,2048,2311
java,2458,2048,2316
java,2458,2048,2321
java,2458,2048,2326
java,2458,2048,2331
java,2458,2290,2336
java,2765,2355,2341
java,2765,2329,2346
java,2765,2329,2351
java,2765,2329,2356
java,2765,2329,2361
java,2765,2329,2366
java,2458,2290,2371
java,2765,2329,2376
java,2765,2304,2381
java,2765,2329,2386
java,2765,2329,2391
java,2458,2290,2396
java,2458,2290,2401
java,2765,2355,2406
java,2458,2304,2411
java,2458,2290,2416
java,2765,2304,2421
java,2458,2290,2426
java,2765,2329,2431
java,2765,2329,2436
java,2765,2329,2441
java,2765,2329,2446
java,2458,2290,2451
java,2765,2329,2456
java,2765,2329,2461
java,2765,2329,2466
java,2765,2329,2471
java,2458,2290,2476
java,2765,2329,2481
java,2765,2329,2486
java,2765,2355,2491
java,2458,2304,2496
java,2765,2329,2501
java,2765,2329,2506
java,2765,2329,2511
java,2765,2329,2516
java,2765,2329,2521
java,2765,2278,2526
java,2765,2329,2531
java,2765,2329,2536
java,2765,2355,2541
java,2765,2329,2546
java,2765,2329,2551
java,2765,2329,2556
java,2765,2253,2561
java,2765,2329,2566
java,2765,2329,2571
java,2765,2329,2576
java,2458,2304,2581
java,2458,2290,2586
java,2765,2329,2591
java,2458,2304,2596
java,2765,2329,2601
java,2765,2329,2606
java,2765,2304,2611
java,2765,2329,2616
java,2765,2329,2621
java,2765,2329,2626
java,2765,2329,2631
java,2765,2329,2636
java,2765,2329,2641
java,2765,2329,2646
java,2765,2329,2651
java,2458,2253,2656
java,2458,2290,2661
java,2765,2329,2666
java,2765,2329,2671
java,2765,2329,2676
java,2765,2329,2681
java,2765,2329,2686
java,2765,2304,2691
java,2765,2304,2696
java,2765,2278,2701
java,2765,2329,2706
java,2765,2329,2711
java,2766,2279,2716
java,2765,2329,2721
java,2765,2329,2726
java,2765,2329,2731
java,2765,2329,2736
java,2765,2304,2741
java,2765,2329,2746
java,2765,2339,2751
java,2765,2329,2756
java,2765,2329,2761
java,2765,2329,2766
java,2765,2329,2771
java,2765,2329,2776
java,2458,2304,2781
java,2765,2329,2786
java,2458,2304,2791
java,2458,2290,2796
java,2765,2329,2801
java,2458,2304,2806
java,2765,2329,2811
java,2765,2329,2816
java,2765,2253,2821
java,2765,2329,2826
java,2765,2329,2831
java,2458,2253,2836
java,2765,2329,2841
java,3073,2528,2846
java,3073,2611,2851
java,3073,2586,2856
java,3073,2586,2861
java,3073,2612,2866
java,3073,2612,2871
java,3073,2612,2876
java,3073,2612,2881
java,3073,2612,2886
java,3073,2637,2891
java,2766,2586,2896
java,3073,2612,2901
java,3073,2612,2906
java,3073,2505,2911
java,3073,2612,2916
java,2766,2458,2921
java,3073,2612,2926
java,3073,2561,2931
java,3073,2612,2936
java,3073,2561,2941
java,3073,2600,2946
java,3073,2586,2951
java,2766,2509,2956
java,2766,2586,2961
java,3073,2612,2966
java,3073,2535,2971
java,3073,2482,2976
java,3073,2612,2981
java,3073,2586,2986
java,3073,2505,2991
java,2766,2458,2996
java,3073,2553,3001
java,2766,2509,3006
java,3073,2612,3011
java,2766,2586,3016
java,3073,2612,3021
java,2766,2600,3026
java,3073,2612,3031
java,2766,2484,3036
java,3073,2612,3041
java,3073,2612,3046
java,3073,2612,3051
java,2766,2586,3056
java,3073,2561,3061
java,3073,2612,3066
java,3073,2637,3071
java,3073,2624,3076
java,3073,2612,3081
java,3073,2612,3086
java,3073,2586,3091
java,3073,2612,3096
java,3073,2482,3101
java,2766,2484,3106
java,3073,2586,3111
java,2766,2612,3116
java,3073,2612,3121
java,3073,2482,3126
java,2766,2535,3131
java,3073,2612,3136
java,3073,2612,3141
java,3073,2612,3146
java,3073,2612,3151
java,2766,2484,3156
java,3073,2637,3161
java,3073,2586,3166
java,3073,2561,3171
java,3073,2561,3176
java,3073,2612,3181
java,3073,2586,3186
java,3073,2505,3191
java,3073,2553,3196
java,3073,2612,3201
java,3073,2612,3206
java,3073,2637,3211
java,3073,2586,3216
java,3073,2529,3221
java,3073,2482,3226
java,3073,2561,3231
java,3073,2612,3236
java,3073,2612,3241
java,3073,2612,3246
java,3073,2612,3251
java,2766,2529,3256
java,3073,2612,3261
java,3073,2612,3266
java,3073,2612,3271
java,3073,2612,3276
java,3073,2637,3281
java,3073,2612,3286
java,3073,2612,3291
java,3073,2612,3296
java,3073,2612,3301
java,2766,2586,3306
java,3073,2612,3311
java,3073,2647,3316
java,3073,2612,3321
java,3073,2586,3326
java,3073,2612,3331
java,3073,2637,3336
java,3073,2612,3341
java,3073,2612,3346
java,3073,2612,3351
java,3381,2816,3356
java,3381,2907,3361
java,3381,2932,3366
java,3381,2894,3371
java,3381,2843,3376
java,3381,2843,3381
java,3381,2671,3386
java,3381,2790,3391
java,3381,2894,3396
java,3381,2894,3401
java,3381,2843,3406
java,3381,2920,3411
java,3381,2868,3416
java,3381,2837,3421
java,3381,2817,3426
java,3381,2894,3431
java,3381,2894,3436
java,3381,2766,3441
java,3381,2884,3446
java,3381,2813,3451
java,3381,2932,3456
java,3381,2894,3461
java,3381,2932,3466
java,3381,2868,3471
java,3381,2894,3476
java,3381,2955,3481
java,3381,2920,3486
java,3381,2894,3491
java,3381,2932,3496
java,3381,2884,3501
java,3381,2894,3506
java,3381,2894,3511
java,3381,2932,3516
java,3381,2884,3521
java,3381,2894,3526
java,3381,2722,3531
java,3381,2813,3536
java,3381,2932,3541
java,3381,2884,3546
java,3381,2932,3551
java,3381,2894,3556
java,3381,2908,3561
java,3381,2894,3566
java,3381,2932,3571
java,3381,2908,3576
java,3381,2894,3581
java,3381,2884,3586
java,3381,2955,3591
java,3381,2894,3596
java,3381,2908,3601
java,3381,2894,3606
java,3381,2920,3611
java,3381,2766,3616
java,3381,2884,3621
java,3381,2884,3626
java,3381,2894,3631
java,3381,2932,3636
java,3381,2817,3641
java,3381,2843,3646
java,3381,2894,3651
java,3381,2908,3656
java,3381,2894,3661
java,3381,2894,3666
java,3381,2766,3671
java,3381,2884,3676
java,3381,2813,3681
java,3381,2894,3686
java,3381,2894,3691
java,3381,2894,3696
java,3381,2932,3701
java,3381,2884,3706
java,3381,2861,3711
java,3381,2861,3716
java,3381,2837,3721
java,3381,2932,3726
java,3381,2908,3731
java,3381,2884,3736
java,3381,2861,3741
java,3381,2817,3746
java,3381,2868,3751
java,3381,2894,3756
java,3381,2894,3761
java,3381,2843,3766
java,3381,2861,3771
java,3381,2894,3776
java,3381,2894,3781
java,3074,2715,3786
java,3381,2942,3791
java,3381,2861,3796
java,3381,2894,3801
java,3381,2894,3806
java,3381,2894,3811
java,3381,2955,3816
java,3381,2908,3821
java,3381,2932,3826
java,3381,2955,3831
java,3381,2817,3836
java,3074,2715,3841
java,3381,2932,3846
java,3381,2894,3851
java,3381,2894,3856
java,3381,2908,3861
java,3688,3168,3866
java,3688,3124,3871
java,3689,3216,3876
java,3689,3192,3881
java,3689,3008,3886
java,3689,3121,3891
java,3689,3168,3896
java,3382,3151,3901
java,3689,3121,3906
java,3689,3216,3911
java,3689,3216,3916
java,3689,3145,3921
java,3382,2997,3926
java,3689,3121,3931
java,3689,3192,3936
java,3689,3168,3941
java,3689,3074,3946
java,3689,3145,3951
java,3689,3145,3956
java,3689,3121,3961
java,3689,3192,3966
java,3689,3192,3971
java,3689,3140,3976
java,3689,3145,3981
java,3689,3176,3986
java,3689,3206,3991
java,3689,3145,3996
java,3689,3168,4001
java,3689,3050,4006
java,3689,3027,4011
java,3689,3099,4016
java,3689,3216,4021
java,3689,3074,4026
java,3689,3192,4031
java,3689,3097,4036
java,3689,3176,4041
java,3689,3168,4046
java,3689,3192,4051
java,3689,3176,4056
java,3689,3169,4061
java,3689,3192,4066
java,3689,3184,4071
java,3689,3125,4076
java,3689,3192,4081
java,3689,3125,4086
java,3689,3216,4091
java,3689,3145,4096
java,3689,3099,4101
java,3689,3168,4106
java,3689,3192,4111
java,3689,3192,4116
java,3689,3027,4121
java,3382,3169,4126
java,3689,3216,4131
java,3689,3121,4136
java,3689,3184,4141
java,3689,3216,4146
java,3382,2971,4151
java,3689,3228,4156
java,3689,3050,4161
java,3689,3145,4166
java,3689,3168,4171
java,3689,3192,4176
java,3689,3206,4181
java,3689,3099,4186
java,3689,3216,4191
java,3689,3140,4196
java,3689,3216,4201
java,3689,3239,4206
java,3689,3125,4211
java,3689,3074,4216
java,3689,3168,4221
java,3689,3145,4226
java,3689,3074,4231
java,3689,3168,4236
java,3689,3272,4241
java,3689,3168,4246
java,3689,3162,4251
java,3689,3216,4256
java,3689,3145,4261
java,3689,3096,4266
java,3689,3023,4271
java,3689,3168,4276
java,3689,3118,4281
java,3689,3250,4286
java,3689,3192,4291
java,3689,3192,4296
java,3689,3192,4301
java,3689,2979,4306
java,3689,3145,4311
java,3689,3176,4316
java,3689,3192,4321
java,3996,3428,4326
java,3996,3499,4331
java,3996,3355,4336
java,3996,3381,4341
java,3996,3476,4346
java,3996,3476,4351
java,3996,3403,4356
java,3996,3405,4361
java,3996,3458,4366
java,3996,3334,4371
java,3996,3381,4376
java,3996,3452,4381
java,3689,3278,4386
java,3996,3476,4391
java,3996,3381,4396
java,3996,3403,4401
java,3996,3432,4406
java,3996,3405,4411
java,3996,3476,4416
java,3996,3381,4421
java,3996,3357,4426
java,3996,3452,4431
java,3996,3405,4436
java,3996,3458,4441
java,3996,3476,4446
java,3996,3452,4451
java,3996,3476,4456
java,3996,3476,4461
java,3996,3432,4466
java,3996,3499,4471
java,3996,3476,4476
java,3996,3381,4481
java,3996,3263,4486
java,3996,3476,4491
java,3996,3499,4496
java,3996,3334,4501
java,3996,3452,4506
java,3996,3491,4511
java,3689,3405,4516
java,3996,3476,4521
java,3996,3476,4526
java,3996,3476,4531
java,3996,3330,4536
java,3996,3428,4541
java,3996,3491,4546
java,3996,3535,4551
java,3996,3357,4556
java,3996,3452,4561
java,3997,3452,4566
java,3996,3381,4571
java,3996,3499,4576
java,3996,3476,4581
java,3996,3428,4586
java,3996,3476,4591
java,3996,3407,4596
java,3996,3469,4601
java,3996,3491,4606
java,3996,3476,4611
java,3996,3405,4616
java,3996,3310,4621
java,3996,3491,4626
java,3996,3310,4631
java,3689,3304,4636
java,3996,3513,4641
java,3996,3286,4646
java,3996,3452,4651
java,3996,3428,4656
java,3996,3310,4661
java,3996,3513,4666
java,3996,3476,4671
java,3996,3513,4676
java,3996,3432,4681
java,3996,3381,4686
java,3996,3513,4691
java,3996,3513,4696
java,3996,3428,4701
java,3996,3513,4706
java,3996,3458,4711
java,3996,3535,4716
java,3996,3447,4721
java,3996,3491,4726
java,3996,3286,4731
java,3996,3452,4736
java,3996,3422,4741
java,3996,3381,4746
java,3996,3452,4751
java,3996,3405,4756
java,3996,3499,4761
java,3689,3469,4766
java,3996,3447,4771
java,3996,3513,4776
java,3996,3405,4781
java,3996,3469,4786
java,3996,3476,4791
java,3996,3491,4796
java,3996,3447,4801
java,3996,3442,4806
java,3996,3381,4811
java,3996,3452,4816
java,3996,3476,4821
java,3996,3535,4826
java,3996,3405,4831
java,4304,3688,4836
java,4304,3776,4841
java,4304,3736,4846
java,4304,3783,4851
java,4304,3664,4856
java,4304,3820,4861
java,4304,3617,4866
java,4304,3546,4871
java,4304,3606,4876
java,4304,3664,4881
java,4304,3754,4886
java,4304,3776,4891
java,4304,3736,4896
java,4304,3729,4901
java,4304,3666,4906
java,4304,3710,4911
java,4304,3688,4916
java,4304,3736,4921
java,4304,3754,4926
java,4304,3798,4931
java,4304,3688,4936
java,4304,3688,4941
java,4304,3754,4946
java,4304,3666,4951
java,4304,3732,4956
java,4304,3710,4961
java,4304,3710,4966
java,4304,3776,4971
java,4304,3641,4976
java,4304,3688,4981
java,4304,3468,4986
java,4304,3732,4991
java,4304,3754,4996
go, 72 , 71 , 1
go, 79 , 78 , 6
go, 82 , 81 , 11
go, 85 , 82 , 16
go, 88 , 86 , 21
go, 91 , 89 , 26
go, 94 , 93 , 31
go, 97 , 95 , 36
go, 100 , 98 , 41
go, 103 , 101 , 46
go, 105 , 103 , 51
go, 109 , 108 , 56
go, 112 , 110 , 61
go, 117 , 113 , 66
go, 121 , 119 , 71
go, 123 , 120 , 76
go, 126 , 123 , 81
go, 128 , 125 , 86
go, 131 , 128 , 91
go, 132 , 129 , 96
go, 136 , 132 , 101
go, 138 , 132 , 106
go, 141 , 140 , 111
go, 143 , 135 , 116
go, 148 , 145 , 121
go, 150 , 143 , 126
go, 163 , 158 , 131
go, 163 , 158 , 136
go, 166 , 156 , 141
go, 166 , 162 , 146
go, 169 , 164 , 151
go, 173 , 169 , 156
go, 176 , 171 , 161
go, 178 , 173 , 166
go, 181 , 177 , 171
go, 183 , 178 , 176
go, 186 , 182 , 181
go, 188 , 179 , 186
go, 191 , 186 , 191
go, 195 , 190 , 196
go, 197 , 183 , 201
go, 200 , 194 , 206
go, 201 , 196 , 211
go, 203 , 191 , 216
go, 206 , 200 , 221
go, 208 , 195 , 226
go, 211 , 201 , 231
go, 213 , 208 , 236
go, 216 , 210 , 241
go, 218 , 213 , 246
go, 225 , 220 , 251
go, 227 , 221 , 256
go, 234 , 219 , 261
go, 244 , 232 , 266
go, 243 , 234 , 271
go, 245 , 236 , 276
go, 252 , 244 , 281
go, 252 , 245 , 286
go, 253 , 245 , 291
go, 255 , 248 , 296
go, 266 , 258 , 301
go, 266 , 248 , 306
go, 272 , 257 , 311
go, 269 , 262 , 316
go, 276 , 250 , 321
go, 278 , 269 , 326
go, 281 , 272 , 331
go, 283 , 274 , 336
go, 286 , 275 , 341
go, 288 , 280 , 346
go, 291 , 274 , 351
go, 293 , 278 , 356
go, 296 , 291 , 361
go, 300 , 279 , 366
go, 301 , 296 , 371
go, 303 , 282 , 376
go, 306 , 301 , 381
go, 308 , 298 , 386
go, 311 , 292 , 391
go, 313 , 290 , 396
go, 316 , 305 , 401
go, 318 , 295 , 406
go, 323 , 313 , 411
go, 325 , 316 , 416
go, 327 , 319 , 421
go, 328 , 305 , 426
go, 331 , 328 , 431
go, 333 , 325 , 436
go, 336 , 327 , 441
go, 338 , 325 , 446
go, 341 , 331 , 451
go, 345 , 336 , 456
go, 348 , 332 , 461
go, 348 , 325 , 466
go, 351 , 341 , 471
go, 355 , 345 , 476
go, 356 , 332 , 481
go, 358 , 348 , 486
go, 361 , 352 , 491
go, 365 , 343 , 496
go, 368 , 359 , 501
go, 376 , 372 , 506
go, 379 , 370 , 511
go, 391 , 386 , 516
go, 401 , 389 , 521
go, 396 , 390 , 526
go, 389 , 379 , 531
go, 399 , 389 , 536
go, 402 , 392 , 541
go, 406 , 383 , 546
go, 416 , 404 , 551
go, 411 , 399 , 556
go, 420 , 389 , 561
go, 424 , 413 , 566
go, 435 , 418 , 571
go, 429 , 410 , 576
go, 422 , 401 , 581
go, 453 , 438 , 586
go, 445 , 422 , 591
go, 429 , 418 , 596
go, 434 , 417 , 601
go, 452 , 441 , 606
go, 455 , 442 , 611
go, 465 , 449 , 616
go, 468 , 447 , 621
go, 462 , 430 , 626
go, 448 , 433 , 631
go, 475 , 429 , 636
go, 476 , 454 , 641
go, 464 , 447 , 646
go, 458 , 444 , 651
go, 485 , 467 , 656
go, 463 , 451 , 661
go, 466 , 455 , 666
go, 475 , 462 , 671
go, 495 , 453 , 676
go, 481 , 468 , 681
go, 494 , 453 , 686
go, 494 , 442 , 691
go, 495 , 447 , 696
go, 500 , 484 , 701
go, 494 , 475 , 706
go, 504 , 495 , 711
go, 513 , 473 , 716
go, 509 , 484 , 721
go, 520 , 475 , 726
go, 523 , 505 , 731
go, 525 , 504 , 736
go, 520 , 479 , 741
go, 520 , 478 , 746
go, 523 , 508 , 751
go, 525 , 480 , 756
go, 539 , 495 , 761
go, 540 , 519 , 766
go, 543 , 519 , 771
go, 543 , 499 , 776
go, 546 , 499 , 781
go, 550 , 527 , 786
go, 544 , 508 , 791
go, 553 , 528 , 796
go, 557 , 549 , 801
go, 560 , 542 , 806
go, 563 , 543 , 811
go, 563 , 550 , 816
go, 568 , 518 , 821
go, 568 , 534 , 826
go, 571 , 553 , 831
go, 575 , 556 , 836
go, 577 , 557 , 841
go, 582 , 562 , 846
go, 581 , 533 , 851
go, 585 , 535 , 856
go, 587 , 535 , 861
go, 590 , 570 , 866
go, 592 , 540 , 871
go, 595 , 589 , 876
go, 599 , 582 , 881
go, 598 , 575 , 886
go, 603 , 584 , 891
go, 605 , 580 , 896
go, 608 , 553 , 901
go, 610 , 560 , 906
go, 612 , 593 , 911
go, 613 , 569 , 916
go, 617 , 566 , 921
go, 622 , 615 , 926
go, 623 , 604 , 931
go, 625 , 608 , 936
go, 626 , 609 , 941
go, 628 , 612 , 946
go, 633 , 614 , 951
go, 635 , 615 , 956
go, 636 , 617 , 961
go, 638 , 620 , 966
go, 642 , 622 , 971
go, 645 , 627 , 976
go, 646 , 622 , 981
go, 650 , 595 , 986
go, 651 , 631 , 991
go, 655 , 605 , 996
go, 659 , 605 , 1001
go, 660 , 636 , 1006
go, 661 , 645 , 1011
go, 675 , 651 , 1016
go, 678 , 658 , 1021
go, 680 , 626 , 1026
go, 682 , 663 , 1031
go, 685 , 680 , 1036
go, 697 , 689 , 1041
go, 710 , 665 , 1046
go, 702 , 655 , 1051
go, 695 , 637 , 1056
go, 697 , 664 , 1061
go, 700 , 679 , 1066
go, 702 , 683 , 1071
go, 705 , 650 , 1076
go, 726 , 676 , 1081
go, 720 , 700 , 1086
go, 713 , 707 , 1091
go, 725 , 718 , 1096
go, 727 , 666 , 1101
go, 728 , 708 , 1106
go, 733 , 726 , 1111
go, 725 , 664 , 1116
go, 738 , 679 , 1121
go, 738 , 717 , 1126
go, 742 , 722 , 1131
go, 745 , 738 , 1136
go, 737 , 684 , 1141
go, 748 , 713 , 1146
go, 742 , 720 , 1151
go, 755 , 703 , 1156
go, 748 , 728 , 1161
go, 770 , 701 , 1166
go, 761 , 740 , 1171
go, 765 , 704 , 1176
go, 758 , 696 , 1181
go, 758 , 736 , 1186
go, 762 , 740 , 1191
go, 767 , 736 , 1196
go, 778 , 772 , 1201
go, 780 , 709 , 1206
go, 782 , 720 , 1211
go, 797 , 790 , 1216
go, 777 , 754 , 1221
go, 788 , 722 , 1226
go, 802 , 794 , 1231
go, 795 , 789 , 1236
go, 809 , 737 , 1241
go, 798 , 772 , 1246
go, 791 , 787 , 1251
go, 797 , 731 , 1256
go, 798 , 743 , 1261
go, 810 , 787 , 1266
go, 823 , 752 , 1271
go, 822 , 798 , 1276
go, 819 , 815 , 1281
go, 823 , 765 , 1286
go, 869 , 861 , 1291
go, 840 , 769 , 1296
go, 871 , 862 , 1301
go, 833 , 780 , 1306
go, 846 , 777 , 1311
go, 838 , 770 , 1316
go, 839 , 817 , 1321
go, 855 , 825 , 1326
go, 846 , 824 , 1331
go, 858 , 803 , 1336
go, 874 , 839 , 1341
go, 873 , 848 , 1346
go, 881 , 814 , 1351
go, 893 , 858 , 1356
go, 894 , 814 , 1361
go, 883 , 875 , 1366
go, 889 , 865 , 1371
go, 878 , 855 , 1376
go, 914 , 841 , 1381
go, 900 , 824 , 1386
go, 909 , 884 , 1391
go, 918 , 887 , 1396
go, 924 , 896 , 1401
go, 913 , 838 , 1406
go, 927 , 842 , 1411
go, 918 , 890 , 1416
go, 899 , 875 , 1421
go, 946 , 938 , 1426
go, 906 , 843 , 1431
go, 908 , 831 , 1436
go, 931 , 846 , 1441
go, 903 , 857 , 1446
go, 964 , 876 , 1451
go, 941 , 935 , 1456
go, 958 , 926 , 1461
go, 966 , 939 , 1466
go, 926 , 894 , 1471
go, 952 , 924 , 1476
go, 964 , 879 , 1481
go, 943 , 849 , 1486
go, 967 , 948 , 1491
go, 970 , 955 , 1496
go, 963 , 932 , 1501
go, 943 , 912 , 1506
go, 976 , 894 , 1511
go, 973 , 944 , 1516
go, 974 , 947 , 1521
go, 963 , 921 , 1526
go, 966 , 931 , 1531
go, 968 , 878 , 1536
go, 994 , 957 , 1541
go, 965 , 943 , 1546
go, 1014 , 1004 , 1551
go, 1011 , 982 , 1556
go, 1006 , 917 , 1561
go, 993 , 903 , 1566
go, 1037 , 994 , 1571
go, 988 , 911 , 1576
go, 1014 , 991 , 1581
go, 1027 , 946 , 1586
go, 1044 , 1005 , 1591
go, 1021 , 932 , 1596
go, 1027 , 1020 , 1601
go, 1013 , 984 , 1606
go, 996 , 940 , 1611
go, 998 , 910 , 1616
go, 1044 , 997 , 1621
go, 1073 , 1040 , 1626
go, 1039 , 944 , 1631
go, 1031 , 999 , 1636
go, 1031 , 938 , 1641
go, 1056 , 1037 , 1646
go, 1059 , 1021 , 1651
go, 1055 , 1026 , 1656
go, 1044 , 972 , 1661
go, 1106 , 1063 , 1666
go, 1069 , 992 , 1671
go, 1071 , 973 , 1676
go, 1100 , 1047 , 1681
go, 1090 , 1037 , 1686
go, 1089 , 1043 , 1691
go, 1128 , 1094 , 1696
go, 1092 , 995 , 1701
go, 1108 , 1014 , 1706
go, 1082 , 1028 , 1711
go, 1169 , 1129 , 1716
go, 1090 , 1045 , 1721
go, 1105 , 1012 , 1726
go, 1107 , 1073 , 1731
go, 1127 , 1094 , 1736
go, 1135 , 1092 , 1741
go, 1124 , 1091 , 1746
go, 1119 , 1104 , 1751
go, 1118 , 1012 , 1756
go, 1119 , 1080 , 1761
go, 1113 , 1058 , 1766
go, 1165 , 1128 , 1771
go, 1158 , 1124 , 1776
go, 1155 , 1091 , 1781
go, 1171 , 1066 , 1786
go, 1139 , 1087 , 1791
go, 1149 , 1036 , 1796
go, 1142 , 1129 , 1801
go, 1181 , 1134 , 1806
go, 1183 , 1140 , 1811
go, 1181 , 1146 , 1816
go, 1164 , 1088 , 1821
go, 1209 , 1178 , 1826
go, 1198 , 1125 , 1831
go, 1169 , 1064 , 1836
go, 1203 , 1095 , 1841
go, 1194 , 1097 , 1846
go, 1222 , 1185 , 1851
go, 1214 , 1173 , 1856
go, 1227 , 1175 , 1861
go, 1171 , 1131 , 1866
go, 1189 , 1158 , 1871
go, 1229 , 1130 , 1876
go, 1207 , 1078 , 1881
go, 1194 , 1155 , 1886
go, 1256 , 1132 , 1891
go, 1242 , 1201 , 1896
go, 1222 , 1114 , 1901
go, 1264 , 1213 , 1906
go, 1207 , 1116 , 1911
go, 1236 , 1098 , 1916
go, 1253 , 1193 , 1921
go, 1274 , 1211 , 1926
go, 1237 , 1127 , 1931
go, 1252 , 1241 , 1936
go, 1266 , 1213 , 1941
go, 1266 , 1180 , 1946
go, 1229 , 1207 , 1951
go, 1229 , 1109 , 1956
go, 1272 , 1160 , 1961
go, 1281 , 1240 , 1966
go, 1237 , 1177 , 1971
go, 1268 , 1137 , 1976
go, 1273 , 1224 , 1981
go, 1325 , 1308 , 1986
go, 1247 , 1235 , 1991
go, 1294 , 1215 , 1996
go, 1293 , 1175 , 2001
go, 1330 , 1210 , 2006
go, 1297 , 1237 , 2011
go, 1292 , 1280 , 2016
go, 1293 , 1239 , 2021
go, 1309 , 1295 , 2026
go, 1327 , 1284 , 2031
go, 1329 , 1274 , 2036
go, 1336 , 1295 , 2041
go, 1288 , 1268 , 2046
go, 1290 , 1241 , 2051
go, 1311 , 1271 , 2056
go, 1341 , 1318 , 2061
go, 1298 , 1182 , 2066
go, 1320 , 1299 , 2071
go, 1316 , 1268 , 2076
go, 1318 , 1276 , 2081
go, 1354 , 1308 , 2086
go, 1312 , 1201 , 2091
go, 1357 , 1287 , 2096
go, 1361 , 1289 , 2101
go, 1331 , 1290 , 2106
go, 1322 , 1218 , 2111
go, 1354 , 1262 , 2116
go, 1358 , 1308 , 2121
go, 1390 , 1325 , 2126
go, 1345 , 1269 , 2131
go, 1346 , 1215 , 2136
go, 1335 , 1213 , 2141
go, 1369 , 1322 , 2146
go, 1358 , 1279 , 2151
go, 1405 , 1339 , 2156
go, 1390 , 1269 , 2161
go, 1376 , 1242 , 2166
go, 1397 , 1259 , 2171
go, 1397 , 1378 , 2176
go, 1401 , 1385 , 2181
go, 1373 , 1332 , 2186
go, 1388 , 1346 , 2191
go, 1378 , 1272 , 2196
go, 1430 , 1364 , 2201
go, 1396 , 1264 , 2206
go, 1417 , 1384 , 2211
go, 1401 , 1251 , 2216
go, 1422 , 1290 , 2221
go, 1364 , 1247 , 2226
go, 1426 , 1413 , 2231
go, 1434 , 1308 , 2236
go, 1418 , 1286 , 2241
go, 1452 , 1426 , 2246
go, 1417 , 1282 , 2251
go, 1437 , 1392 , 2256
go, 1441 , 1345 , 2261
go, 1442 , 1377 , 2266
go, 1463 , 1437 , 2271
go, 1431 , 1305 , 2276
go, 1450 , 1404 , 2281
go, 1441 , 1312 , 2286
go, 1455 , 1316 , 2291
go, 1465 , 1390 , 2296
go, 1485 , 1352 , 2301
go, 1477 , 1418 , 2306
go, 1527 , 1417 , 2311
go, 1509 , 1371 , 2316
go, 1494 , 1444 , 2321
go, 1496 , 1436 , 2326
go, 1482 , 1338 , 2331
go, 1545 , 1473 , 2336
go, 1486 , 1433 , 2341
go, 1506 , 1480 , 2346
go, 1509 , 1417 , 2351
go, 1548 , 1409 , 2356
go, 1496 , 1367 , 2361
go, 1498 , 1358 , 2366
go, 1537 , 1405 , 2371
go, 1521 , 1434 , 2376
go, 1542 , 1459 , 2381
go, 1550 , 1505 , 2386
go, 1548 , 1532 , 2391
go, 1557 , 1489 , 2396
go, 1576 , 1508 , 2401
go, 1578 , 1503 , 2406
go, 1582 , 1529 , 2411
go, 1569 , 1543 , 2416
go, 1598 , 1455 , 2421
go, 1590 , 1538 , 2426
go, 1549 , 1462 , 2431
go, 1551 , 1505 , 2436
go, 1590 , 1487 , 2441
go, 1556 , 1438 , 2446
go, 1543 , 1416 , 2451
go, 1545 , 1425 , 2456
go, 1620 , 1557 , 2461
go, 1566 , 1518 , 2466
go, 1593 , 1459 , 2471
go, 1591 , 1450 , 2476
go, 1593 , 1503 , 2481
go, 1618 , 1496 , 2486
go, 1635 , 1488 , 2491
go, 1625 , 1572 , 2496
go, 1608 , 1459 , 2501
go, 1622 , 1556 , 2506
go, 1591 , 1512 , 2511
go, 1593 , 1523 , 2516
go, 1636 , 1486 , 2521
go, 1638 , 1624 , 2526
go, 1642 , 1565 , 2531
go, 1601 , 1539 , 2536
go, 1605 , 1531 , 2541
go, 1648 , 1589 , 2546
go, 1664 , 1605 , 2551
go, 1593 , 1538 , 2556
go, 1614 , 1508 , 2561
go, 1616 , 1549 , 2566
go, 1639 , 1494 , 2571
go, 1639 , 1604 , 2576
go, 1642 , 1493 , 2581
go, 1664 , 1504 , 2586
go, 1683 , 1518 , 2591
go, 1709 , 1625 , 2596
go, 1636 , 1491 , 2601
go, 1696 , 1613 , 2606
go, 1640 , 1532 , 2611
go, 1643 , 1494 , 2616
go, 1644 , 1509 , 2621
go, 1664 , 1594 , 2626
go, 1674 , 1626 , 2631
go, 1711 , 1692 , 2636
go, 1732 , 1670 , 2641
go, 1640 , 1495 , 2646
go, 1719 , 1635 , 2651
go, 1723 , 1626 , 2656
go, 1707 , 1653 , 2661
go, 1728 , 1578 , 2666
go, 1687 , 1527 , 2671
go, 1707 , 1683 , 2676
go, 1693 , 1593 , 2681
go, 1714 , 1602 , 2686
go, 1663 , 1516 , 2691
go, 1725 , 1632 , 2696
go, 1704 , 1547 , 2701
go, 1710 , 1638 , 2706
go, 1768 , 1665 , 2711
go, 1769 , 1684 , 2716
go, 1714 , 1679 , 2721
go, 1696 , 1642 , 2726
go, 1737 , 1672 , 2731
go, 1717 , 1622 , 2736
go, 1706 , 1673 , 2741
go, 1744 , 1599 , 2746
go, 1793 , 1735 , 2751
go, 1731 , 1581 , 2756
go, 1775 , 1673 , 2761
go, 1754 , 1564 , 2766
go, 1757 , 1595 , 2771
go, 1759 , 1703 , 2776
go, 1802 , 1764 , 2781
go, 1782 , 1695 , 2786
go, 1766 , 1655 , 2791
go, 1785 , 1685 , 2796
go, 1794 , 1740 , 2801
go, 1774 , 1732 , 2806
go, 1758 , 1705 , 2811
go, 1765 , 1750 , 2816
go, 1822 , 1651 , 2821
go, 1764 , 1633 , 2826
go, 1769 , 1677 , 2831
go, 1789 , 1697 , 2836
go, 1790 , 1625 , 2841
go, 1794 , 1632 , 2846
go, 1839 , 1706 , 2851
go, 1869 , 1818 , 2856
go, 1801 , 1676 , 2861
go, 1828 , 1805 , 2866
go, 1806 , 1687 , 2871
go, 1827 , 1674 , 2876
go, 1855 , 1770 , 2881
go, 1796 , 1610 , 2886
go, 1884 , 1815 , 2891
go, 1805 , 1753 , 2896
go, 1863 , 1677 , 2901
go, 1824 , 1637 , 2906
go, 1843 , 1665 , 2911
go, 1829 , 1714 , 2916
go, 1856 , 1685 , 2921
go, 1876 , 1821 , 2926
go, 1818 , 1761 , 2931
go, 1861 , 1674 , 2936
go, 1840 , 1812 , 2941
go, 1866 , 1766 , 2946
go, 1865 , 1804 , 2951
go, 1849 , 1742 , 2956
go, 1814 , 1655 , 2961
go, 1896 , 1828 , 2966
go, 1922 , 1817 , 2971
go, 1859 , 1694 , 2976
go, 1848 , 1729 , 2981
go, 1904 , 1858 , 2986
go, 1850 , 1673 , 2991
go, 1935 , 1864 , 2996
go, 1888 , 1709 , 3001
go, 1916 , 1811 , 3006
go, 1875 , 1703 , 3011
go, 1893 , 1710 , 3016
go, 1930 , 1890 , 3021
go, 1884 , 1701 , 3026
go, 1904 , 1868 , 3031
go, 1929 , 1785 , 3036
go, 1908 , 1747 , 3041
go, 1938 , 1788 , 3046
go, 1937 , 1905 , 3051
go, 1897 , 1836 , 3056
go, 1926 , 1863 , 3061
go, 1978 , 1899 , 3066
go, 1979 , 1875 , 3071
go, 1921 , 1808 , 3076
go, 1986 , 1790 , 3081
go, 1988 , 1869 , 3086
go, 1992 , 1804 , 3091
go, 1975 , 1816 , 3096
go, 1953 , 1779 , 3101
go, 2022 , 1937 , 3106
go, 1975 , 1917 , 3111
go, 2025 , 1910 , 3116
go, 1945 , 1830 , 3121
go, 1989 , 1897 , 3126
go, 1985 , 1964 , 3131
go, 2011 , 1834 , 3136
go, 1993 , 1813 , 3141
go, 1994 , 1817 , 3146
go, 2020 , 1927 , 3151
go, 2079 , 2049 , 3156
go, 1984 , 1821 , 3161
go, 2002 , 1813 , 3166
go, 2054 , 1935 , 3171
go, 2057 , 1866 , 3176
go, 1992 , 1835 , 3181
go, 2092 , 2064 , 3186
go, 2040 , 1933 , 3191
go, 2041 , 1900 , 3196
go, 2002 , 1817 , 3201
go, 2074 , 2001 , 3206
go, 2082 , 2013 , 3211
go, 2033 , 1970 , 3216
go, 2055 , 1964 , 3221
go, 2058 , 2005 , 3226
go, 2059 , 2031 , 3231
go, 2037 , 1841 , 3236
go, 2049 , 1866 , 3241
go, 2098 , 1912 , 3246
go, 2069 , 1882 , 3251
go, 2049 , 1948 , 3256
go, 2051 , 1925 , 3261
go, 2052 , 1861 , 3266
go, 2138 , 2068 , 3271
go, 2083 , 1889 , 3276
go, 2089 , 1909 , 3281
go, 2088 , 2048 , 3286
go, 2113 , 2067 , 3291
go, 2093 , 2058 , 3296
go, 2052 , 1895 , 3301
go, 2096 , 1904 , 3306
go, 2075 , 1902 , 3311
go, 2103 , 1895 , 3316
go, 2161 , 2098 , 3321
go, 2110 , 1987 , 3326
go, 2109 , 2078 , 3331
go, 2137 , 2068 , 3336
go, 2092 , 1964 , 3341
go, 2116 , 2046 , 3346
go, 2120 , 2004 , 3351
go, 2099 , 2020 , 3356
go, 2125 , 1929 , 3361
go, 2108 , 1936 , 3366
go, 2105 , 1911 , 3371
go, 2133 , 1941 , 3376
go, 2135 , 1953 , 3381
go, 2192 , 2090 , 3386
go, 2188 , 2094 , 3391
go, 2247 , 2052 , 3396
go, 2201 , 2125 , 3401
go, 2196 , 2076 , 3406
go, 2201 , 2017 , 3411
go, 2128 , 1979 , 3416
go, 2137 , 2046 , 3421
go, 2160 , 1967 , 3426
go, 2185 , 2068 , 3431
go, 2187 , 2071 , 3436
go, 2222 , 2138 , 3441
go, 2166 , 2013 , 3446
go, 2252 , 2115 , 3451
go, 2147 , 2031 , 3456
go, 2176 , 2159 , 3461
go, 2200 , 1998 , 3466
go, 2155 , 1962 , 3471
go, 2157 , 1968 , 3476
go, 2185 , 1994 , 3481
go, 2170 , 1965 , 3486
go, 2165 , 2133 , 3491
go, 2223 , 2168 , 3496
go, 2194 , 2140 , 3501
go, 2278 , 2071 , 3506
go, 2200 , 2129 , 3511
go, 2259 , 2172 , 3516
go, 2261 , 2189 , 3521
go, 2260 , 2186 , 3526
go, 2209 , 2146 , 3531
go, 2269 , 2182 , 3536
go, 2215 , 2165 , 3541
go, 2268 , 2188 , 3546
go, 2243 , 2172 , 3551
go, 2247 , 2045 , 3556
go, 2248 , 2144 , 3561
go, 2228 , 2057 , 3566
go, 2229 , 2026 , 3571
go, 2315 , 2169 , 3576
go, 2282 , 2115 , 3581
go, 2294 , 2223 , 3586
go, 2239 , 2109 , 3591
go, 2241 , 2039 , 3596
go, 2247 , 2231 , 3601
go, 2246 , 2095 , 3606
go, 2250 , 2182 , 3611
go, 2227 , 2161 , 3616
go, 2261 , 2059 , 3621
go, 2304 , 2174 , 3626
go, 2283 , 2081 , 3631
go, 2311 , 2183 , 3636
go, 2265 , 2058 , 3641
go, 2266 , 2208 , 3646
go, 2317 , 2151 , 3651
go, 2247 , 2123 , 3656
go, 2300 , 2175 , 3661
go, 2302 , 2085 , 3666
go, 2337 , 2206 , 3671
go, 2307 , 2189 , 3676
go, 2260 , 2246 , 3681
go, 2334 , 2289 , 3686
go, 2338 , 2260 , 3691
go, 2269 , 2097 , 3696
go, 2398 , 2356 , 3701
go, 2348 , 2164 , 3706
go, 2349 , 2272 , 3711
go, 2305 , 2137 , 3716
go, 2386 , 2285 , 3721
go, 2332 , 2238 , 3726
go, 2381 , 2160 , 3731
go, 2363 , 2220 , 3736
go, 2386 , 2218 , 3741
go, 2342 , 2187 , 3746
go, 2375 , 2171 , 3751
go, 2347 , 2140 , 3756
go, 2300 , 2143 , 3761
go, 2400 , 2249 , 3766
go, 2355 , 2293 , 3771
go, 2307 , 2101 , 3776
go, 2382 , 2177 , 3781
go, 2362 , 2247 , 3786
go, 2387 , 2231 , 3791
go, 2343 , 2215 , 3796
go, 2376 , 2246 , 3801
go, 2348 , 2162 , 3806
go, 2374 , 2178 , 3811
go, 2355 , 2142 , 3816
go, 2435 , 2234 , 3821
go, 2438 , 2346 , 3826
go, 2409 , 2196 , 3831
go, 2411 , 2208 , 3836
go, 2412 , 2222 , 3841
go, 2416 , 2219 , 3846
go, 2417 , 2335 , 3851
go, 2427 , 2212 , 3856
go, 2422 , 2252 , 3861
go, 2456 , 2334 , 3866
go, 2406 , 2199 , 3871
go, 2405 , 2179 , 3876
go, 2387 , 2194 , 3881
go, 2436 , 2215 , 3886
go, 2502 , 2270 , 3891
go, 2417 , 2199 , 3896
go, 2451 , 2364 , 3901
go, 2536 , 2438 , 3906
go, 2450 , 2360 , 3911
go, 2475 , 2325 , 3916
go, 2430 , 2407 , 3921
go, 2430 , 2197 , 3926
go, 2489 , 2339 , 3931
go, 2463 , 2277 , 3936
go, 2414 , 2204 , 3941
go, 2444 , 2397 , 3946
go, 2446 , 2261 , 3951
go, 2529 , 2484 , 3956
go, 2512 , 2243 , 3961
go, 2500 , 2346 , 3966
go, 2535 , 2272 , 3971
go, 2491 , 2267 , 3976
go, 2509 , 2414 , 3981
go, 2510 , 2390 , 3986
go, 2487 , 2245 , 3991
go, 2557 , 2464 , 3996
go, 2468 , 2397 , 4001
go, 2470 , 2246 , 4006
go, 2564 , 2380 , 4011
go, 2501 , 2333 , 4016
go, 2591 , 2339 , 4021
go, 2530 , 2302 , 4026
go, 2540 , 2417 , 4031
go, 2551 , 2335 , 4036
go, 2537 , 2267 , 4041
go, 2516 , 2297 , 4046
go, 2543 , 2344 , 4051
go, 2551 , 2310 , 4056
go, 2498 , 2274 , 4061
go, 2580 , 2498 , 4066
go, 2503 , 2329 , 4071
go, 2533 , 2386 , 4076
go, 2564 , 2324 , 4081
go, 2624 , 2536 , 4086
go, 2577 , 2413 , 4091
go, 2671 , 2532 , 4096
go, 2559 , 2327 , 4101
go, 2618 , 2460 , 4106
go, 2540 , 2321 , 4111
go, 2591 , 2372 , 4116
go, 2626 , 2540 , 4121
go, 2596 , 2397 , 4126
go, 2552 , 2348 , 4131
go, 2609 , 2590 , 4136
go, 2603 , 2411 , 4141
go, 2670 , 2448 , 4146
go, 2585 , 2349 , 4151
go, 2699 , 2599 , 4156
go, 2638 , 2458 , 4161
go, 2614 , 2365 , 4166
go, 2650 , 2562 , 4171
go, 2621 , 2404 , 4176
go, 2678 , 2581 , 4181
go, 2626 , 2448 , 4186
go, 2684 , 2535 , 4191
go, 2661 , 2463 , 4196
go, 2656 , 2408 , 4201
go, 2656 , 2475 , 4206
go, 2646 , 2409 , 4211
go, 2663 , 2505 , 4216
go, 2700 , 2538 , 4221
go, 2702 , 2538 , 4226
go, 2656 , 2488 , 4231
go, 2659 , 2414 , 4236
go, 2708 , 2505 , 4241
go, 2712 , 2472 , 4246
go, 2690 , 2534 , 4251
go, 2717 , 2524 , 4256
go, 2663 , 2495 , 4261
go, 2668 , 2593 , 4266
go, 2758 , 2579 , 4271
go, 2695 , 2531 , 4276
go, 2770 , 2684 , 4281
go, 2730 , 2593 , 4286
go, 2712 , 2512 , 4291
go, 2707 , 2481 , 4296
go, 2717 , 2595 , 4301
go, 2708 , 2420 , 4306
go, 2775 , 2742 , 4311
go, 2689 , 2438 , 4316
go, 2749 , 2535 , 4321
go, 2790 , 2541 , 4326
go, 2674 , 2399 , 4331
go, 2703 , 2437 , 4336
go, 2727 , 2470 , 4341
go, 2730 , 2497 , 4346
go, 2766 , 2630 , 4351
go, 2767 , 2699 , 4356
go, 2712 , 2634 , 4361
go, 2772 , 2529 , 4366
go, 2814 , 2703 , 4371
go, 2777 , 2527 , 4376
go, 2700 , 2566 , 4381
go, 2728 , 2534 , 4386
go, 2728 , 2489 , 4391
go, 2755 , 2470 , 4396
go, 2756 , 2608 , 4401
go, 2768 , 2584 , 4406
go, 2762 , 2549 , 4411
go, 2775 , 2665 , 4416
go, 2833 , 2705 , 4421
go, 2772 , 2539 , 4426
go, 2780 , 2603 , 4431
go, 2783 , 2544 , 4436
go, 2752 , 2571 , 4441
go, 2780 , 2517 , 4446
go, 2783 , 2522 , 4451
go, 2793 , 2686 , 4456
go, 2892 , 2721 , 4461
go, 2822 , 2614 , 4466
go, 2824 , 2679 , 4471
go, 2795 , 2578 , 4476
go, 2796 , 2569 , 4481
go, 2894 , 2706 , 4486
go, 2833 , 2579 , 4491
go, 2805 , 2586 , 4496
go, 2838 , 2645 , 4501
go, 2842 , 2634 , 4506
go, 2812 , 2559 , 4511
go, 2845 , 2760 , 4516
go, 2792 , 2533 , 4521
go, 2820 , 2794 , 4526
go, 2822 , 2682 , 4531
go, 2861 , 2683 , 4536
go, 2826 , 2654 , 4541
go, 2836 , 2597 , 4546
go, 2834 , 2638 , 4551
go, 2833 , 2567 , 4556
go, 2943 , 2842 , 4561
go, 2824 , 2681 , 4566
go, 2908 , 2681 , 4571
go, 2917 , 2795 , 4576
go, 2879 , 2613 , 4581
go, 2848 , 2658 , 4586
go, 2916 , 2818 , 4591
go, 2855 , 2685 , 4596
go, 2888 , 2677 , 4601
go, 2926 , 2836 , 4606
go, 2893 , 2635 , 4611
go, 2929 , 2742 , 4616
go, 2899 , 2752 , 4621
go, 2900 , 2793 , 4626
go, 2849 , 2613 , 4631
go, 2905 , 2637 , 4636
go, 2804 , 2603 , 4641
go, 2912 , 2715 , 4646
go, 2987 , 2955 , 4651
go, 2917 , 2684 , 4656
go, 2921 , 2808 , 4661
go, 2890 , 2859 , 4666
go, 2924 , 2642 , 4671
go, 2957 , 2745 , 4676
go, 2898 , 2764 , 4681
go, 2932 , 2768 , 4686
go, 2901 , 2627 , 4691
go, 3001 , 2706 , 4696
go, 2909 , 2630 , 4701
go, 2942 , 2723 , 4706
go, 2975 , 2678 , 4711
go, 2945 , 2786 , 4716
go, 2981 , 2700 , 4721
go, 2990 , 2782 , 4726
go, 2922 , 2631 , 4731
go, 2959 , 2720 , 4736
go, 2960 , 2863 , 4741
go, 2996 , 2891 , 4746
go, 3029 , 2891 , 4751
go, 2999 , 2832 , 4756
go, 2913 , 2644 , 4761
go, 2972 , 2707 , 4766
go, 2976 , 2717 , 4771
go, 2977 , 2734 , 4776
go, 2923 , 2671 , 4781
go, 2956 , 2696 , 4786
go, 2953 , 2728 , 4791
go, 3017 , 2747 , 4796
go, 2956 , 2670 , 4801
go, 3024 , 2863 , 4806
go, 2994 , 2726 , 4811
go, 3061 , 2932 , 4816
go, 3065 , 3029 , 4821
go, 3178 , 3127 , 4826
go, 3004 , 2826 , 4831
go, 3041 , 2831 , 4836
go, 2978 , 2949 , 4841
go, 3010 , 2761 , 4846
go, 3015 , 2698 , 4851
go, 2985 , 2700 , 4856
go, 2986 , 2810 , 4861
go, 3054 , 2775 , 4866
go, 3095 , 2945 , 4871
go, 3099 , 2869 , 4876
go, 3165 , 3083 , 4881
go, 3094 , 2914 , 4886
go, 3098 , 2871 , 4891
go, 3037 , 2844 , 4896
go, 3040 , 2910 , 4901
go, 3076 , 2935 , 4906
go, 3077 , 2865 , 4911
go, 3081 , 2861 , 4916
go, 3081 , 2885 , 4921
go, 3122 , 3095 , 4926
go, 3023 , 2757 , 4931
go, 3201 , 2937 , 4936
go, 3124 , 2798 , 4941
go, 3206 , 3081 , 4946
go, 3097 , 2767 , 4951
go, 3033 , 2923 , 4956
go, 3012 , 2747 , 4961
go, 3112 , 3029 , 4966
go, 3074 , 2845 , 4971
go, 3107 , 2827 , 4976
go, 3111 , 2853 , 4981
go, 3082 , 2835 , 4986
go, 3190 , 2976 , 4991
go, 3087 , 2819 , 4996